,Domain
0,yb18de1ade71a1dfcd1658bdf35ce3a060.tk
1,rdda9a5076e2226a994f83087ebb86747c.in
2,vc6a37fb5972d2ed0fc4a98abf8c5a6131.cn
3,i081a047b2bf7adae26c090bfe79a36372.cc
4,zc1ff486bac325783508948238357945e7.so
5,y29e04f6a264c4b0946c89c1bd1dd8f570.tk
6,jf31d443a29281fb67d837615a47c9630d.so
7,b5dc8fd607e0da3eecaca543edca2266a3.cn
8,x3af03492dcd53655c1d26f3a9f133846a.so
9,g0dbbbdd594fef5dd9d2debce5eca7b2b2.tk
10,b79caa9b3018f25ddb97d270f2c0c0b01f.ws
11,k6591bc2b7e53a4c57089b052c35e641ed.to
12,scda53928e143fc12ba8ace4f88311aa8a.cc
13,d1dc0025d915437775bca08379c07b8bee.so
14,sab2fcda119fb89829afe30493fd141cf7.to
15,y58f205c895fbc33fff422bf26aeb4585e.cc
16,n4ccb8e97c7407ff5ba4e33f60c34ef23d.so
17,g3c1bc2f7bbec6600bdf32cb57b4233c0b.tk
18,oc79b604281aeb38d2cb873c80ff08d46e.tk
19,ic8581e23f523a82f7686ff2af981cd4c7.cc
20,sad001a5471a55ada364673f5ac087a0dd.hk
21,k0c720aaa2cd7149e58cd8f452268d5b9f.to
22,y3e746ac473f0eaf23a769c38c1b8c1712.to
23,u3983d50261650259bd08eb61c57e3e154.tk
24,f5cd12b33f21d1525727f0e539ec3f8963.ws
25,f794f4f2685e87bd4f45242532cc9fbb62.in
26,jdd2f0f86dbd0c80f52a54beab4ed81c41.in
27,w12fc7e224f21446dcc49909f22d74762f.cc
28,vf08018ebb6d50348865247126c0d74ef7.in
29,f1dafa47e35ae8e63d4dea72c93ac9abb7.in
30,ufd380a4da679d73cd7aba141cc2ab2726.cc
31,y8143c12828e837932ebe111e1325e0a7b.hk
32,p100109363e086fe895653f42990129946.cn
33,we05e622daf14b0ccdb2db55cae72dc841.hk
34,n40bd67b30ce836fb62ac61e06db9c9cd0.so
35,f3761baad4427d3eb36f45aaa5f7655f44.so
36,s4519bfc99a84da4b15c13db19c5f5bc0c.to
37,t789a0fc5a21714600472dee483dd78629.cn
38,eed17a2cba052e0a7d4a53055efdbe69bb.to
39,l55825a58689554380e41aa7844d16d39d.ws
40,r57b7b5f46c5457704679e6b9a3788555f.in
41,h18fc13e4c6a5a007b67bb7bf9f8dba80c.so
42,vf96304e0af9f8918a6417e355c15e546f.so
43,y75daad40dabfd93310a215b3e945e109e.to
44,f7880d074036c6f7dd3dea4c4e1f7dba31.in
45,ocd44e92e4ca207c6703719e64df856d9b.hk
46,q50cff188572d51fce4d126e39be5c7c66.cc
47,nf29c6889b1de801434587d921d89c8c08.ws
48,y397757b36c6f308ccb0a4f3a950b17dd0.cc
49,o4789c816efddac1bdb057054b8bb11511.hk
50,rc09102c0d5d57a36cfd5b3b05e29c013d.in
51,qf9129d97889fd7fa5825b4a25dc17706e.tk
52,a32a61e8fc4679db9a391a770f1e258837.tk
53,x8ae183f79d8df3f6f20f6afe966774ee1.cn
54,h1148706160a4d5dbbf4e60a97dc858274.in
55,mcd68848e87ed18b3b383e05509568df04.hk
56,x70aa14b1f6c3e29327ced8c652999377f.so
57,ic300e81a062c98aad2205ef7158940b61.to
58,ua92deab44fd27031c610bcd6b93582db7.to
59,k934c032c36c7f2bbd76598afb9c54cffe.cc
60,rb798560c152e8cebe1683006d13d9b9e8.so
61,xdf2ee950f92ffd5d0cf278b2317319fb2.in
62,pc6e7b1924efa22043e25c799f65fad983.ws
63,x6ad22ac33990506524da8db85df56cb60.cn
64,b53f32621d71b7da31ea700fdb9c375244.cn
65,sf4b296aef8abee42c61fae60519b0fb07.to
66,r24b8eb67586733a70e20b7df220c50dd0.so
67,x1cbb9b3e716de9ce8b9caffd07c6d6cce.in
68,zc933b47fa6d4425e64cdfc9f0fe2e47fd.in
69,f1d35ec461644e7e0147397dabfe990efb.cn
70,ya86b6268401c115444c05a2104560c601.hk
71,h48f029b08c6ff9010609913a7536dadea.ws
72,x38b79be65ebddfc5f97c1990a89fd6f37.so
73,ub5726e252301d2e70d3e33c408e1b89c3.hk
74,pd0e47ef70824ba32c50ef0594b6007a2f.ws
75,je0b4b7796a0f74892cc3fc3f12956ec33.cn
76,he0db9b1ffdbdef041a3d4da0ac3c259b9.so
77,n8e74778145e7c464bcacc73900fa03d3d.cn
78,z5942e54c42a06f0323714cfed13422998.in
79,z813568c6c19623c6e071e78fddb2c8d11.so
80,xfb7768ca5fc46f56386f23677af5c2c88.in
81,ze9c4c10107794420a5fd97d66b2f8dd98.cn
82,c2bd9b5bbdb91769f11e0c1c832ab89b0a.hk
83,uadfb2221f00a0329e9a920a74dfd4cc6b.hk
84,ic51e715759d01badf68a5cfc884dee27c.hk
85,s85408ce41b4514ddf14b6942ec1660bf7.tk
86,v04a289aef00ea58bb8f5108143af0ea32.ws
87,hd7cd39c392ffe47a2492eb344f2161537.ws
88,bcb8b98c58c3b73284c7feb708497cbaff.so
89,n2ff7b45ee36646523f3a7917f813e8e60.so
90,na9d0b81f4f43b484f62a26dd19485456d.cn
91,v32e9cf10d58e712d27a0c2b650fd8bf97.ws
92,be42db302848b7c7595172342cba033526.so
93,i46f0e2d1936c5d0ce9751f6d238423590.hk
94,qf83cf9088f633e6860d1da566cc208c6c.cc
95,e8ce5406e1e03b0d1e1928bdc2bdf19a73.hk
96,q90c5ff5ae962a128dcb3bceb913ba3914.to
97,u9db5281e377357bf587973a600207e723.cc
98,zc340c24cbcc912bfa1141bd788bf40fcd.in
99,w0d6fde20b994bd889c8e00219fca64b95.to
100,d23aa095f260ad5eff87853a37d683f28b.ws
101,i316404ae3ef5f701a06334c279ad2420e.tk
102,v25afe77154e56551bb4baee56d2a1f175.cn
103,za8c7f3995faf31ea0eb346bffd76f119c.cn
104,s793b0cf6e6d8874f23a535d12e5f310cf.hk
105,u5e022297147999693bb0e6416c9563a6e.cc
106,rdb560dc69086192f3a24c29ebd200580b.ws
107,aceb1016b963780969d530e840c90a5ebd.hk
108,l53578e4f58a27a37a1d3f9b1197f604d1.so
109,xc331f9bc3426e440e8512907bac57d24d.ws
110,je70d080c970b7d23377bc12c31cf14964.ws
111,re94e3b4be807276ede296e08a555380c3.ws
112,bd9faacd03c29e8705ecda453d9bf772e6.in
113,bf4cd1bbca5c77f9ab7f162d9da7e8ab3c.cn
114,p7e82153361a1b9cc3f8426ef1cc9db121.cn
115,l312494611b87a2dfd3bfcad085a52d43a.cn
116,p19d0b1c3776c21225f534da8205c6584f.in
117,o6a3013083abba67fea627f96766ff8fb4.tk
118,gd7b432f75e04a426c720419278ea8b0d0.tk
119,v26ceda02c78a79faf10f6f1a57b4d1028.in
120,w83d41739f4d7db88a1cf39b983ac8b631.tk
121,s4e880502261c11ff3dd2ef4f729d01048.cc
122,pf4f2ab71ff0a9dbc5392f894b49f8f80d.ws
123,abe4d23fcf23a7516d0b51c219175d88ff.to
124,a948ea4b2081a06b742b9be160d996be8d.tk
125,x8d9886105d99aa1c2e0954f05fa83a8ba.in
126,a6fb3c2a8b924222a6a24b3581dc64d577.hk
127,hef4dcd0ad4b06dee9912c54d0e036493a.ws
128,m98b2de6eb51456c8613b4991a9552bc4d.tk
129,da9ccfd48d94994a2391d8c338c28f5b2c.cn
130,m8ac013caf1af7155101f8a30d88f796dd.to
131,j79211a3524975bf81ea74a524f42f2b81.so
132,a0477dcbb0745a08b4fadf9be917b9fb40.cc
133,kb9cb5af90510523d485e217b13dab1caf.to
134,sc7e7c268e9f8d648ca90557fc1069cb6c.to
135,v0d6929cd10326e37df5a0d3405a5d20ad.so
136,rb625c35bfa129510ae0d9d44ec03f8837.in
137,mb4e08163848c228094fc8c2d63cd33224.cc
138,ga9fb1c83de829fac819fc4a0c133cc6a7.tk
139,y1864f43f61216a7df142b8bd53d116d0c.cc
140,e51df7a712d0c40250d7b592a2f13aad40.cc
141,l803c6518415a7da9680a364947c09c36f.ws
142,l47b64b6bc56f78de75de9b05f6fdadad1.so
143,h3aa63fded3e9549a0f12258a85681fc91.in
144,me85fd3577e5f40be1107a4ac58cb3faa9.hk
145,w14236e097c05f8a6152e2819875340899.tk
146,v6717816aed0d433d2437c8b2566e85ec5.in
147,y20f65da7bb425690161ab636405f5a136.tk
148,e5fc97567c91253b98e26a37672f77b3e0.to
149,w26bd3b3c817c44bb68992e1e6f46c9d70.to
150,kc5830a1b8be1fdf478dd2e15b2e5136d2.cc
151,y8433f290699a719ad5b51679c8aebe004.tk
152,s7a8f9a94dd82df58c83cfb83b6c967ee8.cc
153,f2cf3caa9e6a715adb21bc92b0fdf7ec77.cn
154,m310fb4233c1b511ee162d393e614e152d.tk
155,xb0a91d57dee53ab99efa0a83bfb80f257.so
156,fba8254512081a1dc589449c225e46fcd1.cn
157,t7831c567f16a8d637c2182d63796d9958.ws
158,ndf48e70543f900f6bf5747fb6562f0389.in
159,ldeeca4edac159bf16f29aac23c03753b1.in
160,t6effa5392245e2df76a76149372688aa6.so
161,t24e8769b93f0491cac6ebc49f77b565e3.so
162,ed5c679f58a3ff529e37acc920f943d761.cc
163,w3429768005c6ba2d7eda83b695d72eca3.tk
164,te08f1b0b186f4490809cf77aa481b40b7.so
165,y5016a780b2bdefe5c57a27d5c9b5b53fd.to
166,c755d121d3a2267fa5985bab2295511d80.cc
167,t6c374c0b2fd83f82d2aadfd344098902b.cn
168,w0dd7561528b587445dc956c927c99e322.to
169,n96ba466751110a6ac174aad5ee78e0988.in
170,xa9b8735cec6369898fb2117d92b2fcb8d.ws
171,z4c68540ef87642727a3b9cdd703edd3ee.ws
172,m12f0a734024b9642cd90c2d6473864124.to
173,c381367fec1ec04bf5aa971eb8c000f48d.hk
174,be2b4969efa113f3d0640ba55b124d19f2.in
175,a9a4ad2122c69c673903cb1d03c1ff8ed5.tk
176,p7653b60f3832b53f3c4e36d0ff7a67e23.in
177,s2b3b40332547cc558c70d6be43831b240.to
178,r81053f50e7a4834a64a7f5ba806c933c5.ws
179,v77dd2f942f217fd0f7816e9a1ddee39fc.in
180,k5ea402430010b8041df36eaffa1fb16f4.hk
181,k21eeb4ec7e4fd6ee7d8b169a226d41ff3.to
182,l49f721ac6ea8d5cb4e724c72e29b0d8c7.cn
183,j98a14bf795bfa0a6c37fab662bc94a054.so
184,g01d623a1a5838f8f6969e9d5fccfb24bb.cc
185,cc8c898a942b342031345acce258db0ed8.tk
186,s061246d3656dd152ef5246124f0c94663.to
187,d462dcdbf9cefacbcb5894d3f58b6b8697.in
188,l97c80af96749345ca04a61b3901b250b1.so
189,l0e9bf2dbd3781f4e9003b0ad3b6750232.ws
190,qb4ce7c5c45261d639bfc4f217efe590a4.to
191,gdd5023d391e362c62dd77cf55fd147e71.cc
192,h394ba710d54a5fead1d0214854bd63047.in
193,u4096256d15cf80c219468a6d6a2d721d8.cc
194,n3623946f941a4fd781204b638eb0575e7.ws
195,qa4142013ee9b0ca6fc5ed0aaf6bac7dce.cc
196,x6caeab3ad72e2fba931a2dffd76f67667.cn
197,aea6ebbd813f95460115db1627614b546d.tk
198,af44dda2b2a3271ba5494ad6b6312aac6d.to
199,jc3c11329ad2362e2fd210542eb77a8319.ws
200,ge1a398f76358c29a26a2f934ac7523ca3.cc
201,nb1b2d1ddc7bdfc51d3b0a5fd676a5a2b8.in
202,y4adfdac0755a8f97af08b095b532c0a9b.to
203,j6c4fe89dfe32f430cded1069120b810be.in
204,xf51927de1e2acbef43472e0258d4c8ce8.cn
205,lfccc0a224b5f77a412cccaee8b61c6324.in
206,he5cabda4e330c609ce8c6cb5cf33f0c83.so
207,pc58cd5a7227cde0f384bdb8d60d4b77ff.in
208,v446d222a8a4c1bdf63b331f0a8754eb6f.cn
209,oc66dcbc2ab731dfe00ca27b47deb8d6c0.cc
210,e36363cd73f6274a75bf64d164629766c2.tk
211,ob320b6d828c56ca3bf03724e51fe51bf8.tk
212,aa9d3ba8ff4716e7b31162b4a8ffd2e037.hk
213,w4c932422084773c9186e1a30a933ba3b9.to
214,bad1708ec1f79a2a87fbab57477505bf87.ws
215,f3def2af023cde8e6f30229dee7c08d9e7.so
216,c6f5b7476e9dbb08c014552eaa4366ec1b.tk
217,p5525795ad36926beb9f53db727cb7c786.ws
218,e45262c3a4ce70c8ff5d0e81d99c811beb.to
219,r0a045ab4e8b6f6a3a55f2b3383b4c55f8.cn
220,ub5667fb479f8ed5de34ace8e2f48a3fd8.tk
221,x3a0d375e854ddfc8ce7a6b3b289612cb6.in
222,n5c404234716b41bda8adb83b095e44612.ws
223,j79fee91bf5e886375d05902cc439ad8b9.ws
224,vb54a9f75cf9203aafadf5d5b3d7b28275.so
225,h4ebff08309a0f2996cf2d4bb38a932d0f.cn
226,d63a0739f42f0aced0d3c582fcd8ce8927.in
227,a03916f3c932c9da191101c6889fd323d4.hk
228,af886a0ed9b84ac2c903abd3c82b730da9.hk
229,eb8a8dbeb1e795ffbac346b56f18cde452.cc
230,zf6a8118fe74b4e2eb8c3100e4146a79d2.so
231,zb9f31fb65e133d9fd22be758845babe71.cn
232,id47fd0a45c7cc37a3fcc46a35f6697eb0.to
233,p7622b7466bbe813852a38c31eceb03d77.ws
234,d025b34c4cb625a25be6951f394e1f4205.so
235,af1473f49f17c561bbef86206cf6bb88d6.to
236,s299c92b29e3ea34e5a07c1542ce6c0c46.hk
237,k5377bb5c0d83d797af512608b15486b58.tk
238,d9f488b61ce4b433f37b64ad1fb763dba2.in
239,r6535242602620425d4c5cc08bbfaf01fa.cn
240,q4fd6643603fe4fe440d4e847c2d432e44.to
241,d52dc1f52cf1eae41970048d626bf717c2.cn
242,w1185755cdb99af1b7c49c794d85e34d20.to
243,ucdf276454ca0603bf033f47d1beb0becb.cc
244,a27512de614f824cb588d39fefea8657ee.to
245,qda8fcebbc4af08b21ca4fff7b358fc395.hk
246,q81e089828e87d90b67cd388a5056f9c49.to
247,m5e2008fdc5164eaff1ea73f4b2ff6bcaf.tk
248,n2839f60618a61c277d79bfb49cf90893f.ws
249,x57746fa9f35de2dbfbcb90c94c8dd1137.ws
250,aa7621d096e3957171351ff225ad191ca7.hk
251,hed98b67c26857c485c667779626d41803.ws
252,m7002afbd87f82faf11b1e86fe43385dcc.to
253,t161f41918b9aa4969d33cb073ea3a33a1.ws
254,c9aed6b22b702d3a0b7d06f2b7f3c9eb76.to
255,a6b5e44151e564cc569a3adedeb61fdd67.to
256,kac89d0a2d13f8789bfbb296ed29f263f3.cc
257,g6e6fb3ea9a42187fba20315edc12452e4.hk
258,zea2896d141df3c5df16c2a3c6867c9a8d.so
259,pcb8db6f18238c7f511bc92585d3d8a64a.ws
260,be037a48709a55707de888082c2dd9fd6b.ws
261,g4fcd4fcf628ed0cc71c6c13bbb640adce.cc
262,p2caf7bd43b7b9ec480cf81c65a3b5876a.in
263,z5db04793ba32119c7cb9daee119fae287.ws
264,de10a6f99a2931a14059f47472a4e4e95b.in
265,u888bc5c37b24c28bd2f0eee470758f4ee.tk
266,e58b5971713b33cfbece32124c98fc81bd.tk
267,m1bed534cfe48341cf0f58daf2449676c9.hk
268,qf83e5acfba57ee2a3bcc4a1a7e13908b4.hk
269,d4d29ccbc80c31a6c90e34ede53c4fcffb.ws
270,a9cf768914728b5191801a1071631e86e7.cc
271,h7c76b3b94c5e54913efef6f850f6cf938.so
272,e6468233096c317272e0632ed5d646236d.hk
273,g12b1e6ec27122c61380d6a7cf4907d0ef.to
274,yc5f4f2a7ad8a8ad11ac78c9dde26662bd.to
275,x0830e63f0c282827ad52d53ba56428e1b.so
276,k1c8f2761bbe8c4cfb8d8df69662f18ed0.to
277,ma076a174a2aad54ff680e25a2119d445c.tk
278,m3703de34fd70b255a61e3c854130fbf43.to
279,e2efe589e0212c0a0ae866f814c6c1e5f6.tk
280,l9a52cf35e472dd2375bdc1a34666d1ac8.cn
281,x45a6b4ce3db4a4f405bc0d0b6a9856541.in
282,u7eb08db22de00efd121f08dda6cf21b1e.hk
283,e08f427960da33841fb262505c94d70c13.to
284,xc3217402ecf4581bae08ed51796df3109.cn
285,a3b674f05ab48fdbe7ccde8edcdbe998fd.cc
286,t1df114192564e3bbac31030a19075ae98.ws
287,g1d733836cd04a8f82817eab82ce7a6900.cc
288,i56b9c8c434069183a4e8af6a19e4148d6.hk
289,n8c9e5adc1f3210dd59f943e6f9402765d.cn
290,va05c4ea8517c616f453a3046ec08d9a27.cn
291,u23db55d348d8729b69190acea33f564fc.tk
292,qeaab0aae119a56c52de22056a706b705d.cc
293,lfd196610ef43df6cb21cf1a8cf04f5ea6.in
294,p384e2accba1b1515ae8bb62270694471a.ws
295,r5e65b9fe23770b9e4d2c3c3003f19c935.so
296,i8eb6b87d3c0bb8dd91335493143893f66.tk
297,ud48da7ce7e5549a0694cc9c29a0bd3d41.to
298,ya7af4881b7e794700b10f9649dd586d49.to
299,tcb3287a17b34bbf3cf59bcd81a5e83a19.ws
300,jabfc5e87853d817a8f41324138bcef798.in
301,oc206258ebb702aee90a2a3e18beaee75d.cc
302,t6d9323dc1538892f0c32a1df08bcc9a9b.cn
303,rd0aab1384a2121ef9dca0c9531a73f7fc.so
304,tb74c935c7899f163526f2f24d698ff16b.so
305,t4c1f957316e25625ff595d40e133fdbec.so
306,y770c4e08e5f752353bcdec310ecfd9d49.to
307,n18c867db2387ee111be7f74e168864cc2.ws
308,ze94c6d2e7c2b792c7b7e1a1666b5ac660.so
309,l4aaa81d63f1077ec2350462a2c2001616.so
310,o9b906198df43d2014b5ad59a741c5d0aa.cc
311,xdbd4c6802344e7ba0446e9aafd79bb410.so
312,oe4e8bff6b1309520058839d3585f5ab9c.to
313,y7f1dcfb839b68d9e203bf39019627c896.tk
314,u66a97df0ac20bbdc94c13de6db488eef5.hk
315,pd0bf50a13e0fd1c0ff24d2a297df64074.so
316,c22912ea4000923dc7488a99881799597f.hk
317,i5637db4ec37fe7ae53df1d58d7f290a98.hk
318,tbd67d654c53a6f4a8d3a76fbc9265f958.cn
319,qe431bd9e7c86f24a466b8b32742b9395b.cc
320,fc777c52347b5fb8f6e965b8167376b613.ws
321,h0d73836ebf294a19119243d13c132e3c0.in
322,u3dd3bcca4c323d982d7e180c7f1fc84b0.to
323,ib581dbd186e1685193ad0439790eff6ed.tk
324,ia0ba0e93cea44717158cfa35fdde83ada.cc
325,oa42661c5816dd27d67aa4ad52c752f577.to
326,i2cd42615804e60c325967830177b1fb01.to
327,w8c92546d117add5567863eac9c6e06dd2.cc
328,ue88e88782543aab6746b7d5aa0c991cdb.tk
329,kf39cfdb51f5757f33f9d13965e8e0047d.tk
330,w1ba6a46a651f057787ee769a0a2a7bf4b.to
331,me99861d7d7424ed857ac92974f8d93264.tk
332,ga4f203093c022457702908615f081af97.to
333,jbcb75bf7547bff2ce2439c8880a7fc5f4.so
334,kc4e15df53efe0a0238f735524f66bdbb6.tk
335,y495d7331792a40a0209ca0309ca8139c0.cc
336,j05e1e9d655dc036916b387b079e3aa63a.so
337,o9b4daed45cee950001f2e1d75a55f7779.cc
338,d1c29f09d4c2f63d413e46b612e6f1ade6.ws
339,gacab393250dc9086fa1e0d231b335ec99.tk
340,ga564600bba43bc8f11a5902ea751c7319.hk
341,gfc3da3f6df94bd55534aee8f0e0019eee.cc
342,l1618905d0fde1a5826962a600bb033b6b.in
343,i5a66444a1643f14eb37198c657a070aab.cc
344,g55e1294f6f04405ee9523e66f5cd9809d.hk
345,fc2039467cadea862602f1773f2ef4bd6f.so
346,e6e4e868cb810b2486664246f2dd6f06da.hk
347,e997d5f42bec2ab6a9e56b9fcce42d64a7.hk
348,df42c6cad412edd6d245e1bf51d33f26b7.cn
349,wdfaab542e4ffffe452e6e1f1f1377b6e1.hk
350,z0edb6855e2055b69aada5045e2d4a61f8.ws
351,n06738f0e7c4be449144ac6db546e6ebdb.cn
352,na88864f83a637bdb8fe2b2e46f3f514e8.so
353,bb790537f6d867449b4fa7f16fd381928b.cn
354,p30ad1a093b7e09d78cf35e044c496b474.cn
355,d2bca07d0dcd1492aedca9f726e3558055.ws
356,n1a1ea1f78d11e69b77a86283fc09e5cb6.ws
357,i03d187815d8a6b68a279758f452c61680.tk
358,ebcbd1c57488ac734895bf5986010fe059.cc
359,k8219d1fdd89d520f3b8345279ddd32f12.tk
360,ef3155fac99f0e4d1e9503ac5831971aef.to
361,h59e607125aadf3fc9873c067c5b016177.in
362,s7e2e0c7a5d4a1adebf4c8811e39b0854a.tk
363,le2ac1221c9d5b15527a5948691eba10c6.cn
364,zfe44c002037c53e70385d09bcfa7581cb.ws
365,w06d4a037cc2c0dec1ef0868741adab8bb.hk
366,o1b6e5948caa84c2afa633150da70f3957.tk
367,k0681b196e8c8c53f5695ab347f944435b.hk
368,v0e5806d8421733926e0cacee41a3e9dae.cn
369,u1dacdb205043517b881cbc9c30787cdb0.tk
370,b4367eeabdf44d68a435a96f16d4c2e807.so
371,l6d85b67f9bed80687d78b264971aac9bb.so
372,ua3b211a0f816cf81b52116a6540f7126c.hk
373,baa2f396960643407d3b5420682bb096f8.in
374,j2abb389fc9e3337c83b1567eb94563e5d.ws
375,l9eec7a2b00f2a8d30357cc88434d88a38.cn
376,n21448c6182f52c088a133a19c49348b95.so
377,gfa7048d6daaa82cd9fcb7de8085e2fe2e.tk
378,xc1671314b6456b8266cc993ba33275f56.cn
379,r107d79e324ed93fba1a0e9bb29a785875.so
380,web92fff56b8b9829c8392bcf489e639e8.cc
381,x1dd4da7dec092ea3862d30c0da44ac3df.in
382,fce1791d50e29afc37016c3fa4de45bba2.so
383,l5f3a56c588c851a5f81c688524a2778ee.in
384,s5743bb6f147101d558b5b6e5f1fe74cae.hk
385,ce1b8780a06f3da38eda9597a88a28ccb5.tk
386,f1b6d6c651446518222f218ba8f4109328.in
387,tb1fdb96757f3fb33e03db994b9a683a3c.in
388,wbe2930f9735cfdfaa24f4898986e88c78.cc
389,l8570a415977f6c0e123bef350ada6c5b1.ws
390,b331fd29b7fe7a292eafacf2f8ac729efb.ws
391,b714c7f2529ed4ffbe8250a19f6c69dda3.in
392,l108d669c9c6cd79e2727e687223c85662.so
393,g87cea7cdc632f9eef673f96b57e1d407f.to
394,zd67396e07247cccb646ef3ffe128f6838.in
395,i66fa561376dde611af82af80f723685ae.hk
396,qcaf5b189ea93e3f6be464af77f4d5f0b0.to
397,w3df9552add737e85182a8cc873a22c369.cc
398,kb1eb84febdd7216906ae23a375b30f1f3.to
399,ke8d373a3c6f607836a02555dfe8701c50.cc
400,n9cd7c83d3f28a91ad41987da9b44317d9.in
401,w4e6c92cdbca1cdf28045fe470175d0995.to
402,v89220e4ff2e2a6431fcc0ca1786b6f75f.in
403,p88a71b75cf50d1db678d2c73d36f4af5f.in
404,t9c71fad14bb3b87143af2848ccbd2c0fb.ws
405,j3fd29d03af9d1aa75075f916c1632d854.ws
406,p504751bc281a9d4354bd597fb1db0cc0e.so
407,o8c462b5e58824bdce93a6e2eadd26537d.hk
408,ce30fe7505f7d4e6c63cdbac4d837e2595.to
409,ka800cfe5a384140f288e0ad8d5c29a1c4.cc
410,fefde1031e2dafe5037eed56c2f4cf868f.so
411,vbfa80d9fe4c5860ac5e89609d256c062b.ws
412,p7386d97a31e68835fd1733e1be9aa852d.so
413,me44d1bae7c26dafe3fd4fd77612d947d9.tk
414,x787074d51af6179cc6e972a236e3c7109.so
415,a3fccd59c1fcb69a61a6da669d5a10e4a9.cc
416,k05a2e6e4fa8e2a36385dc25c19eeeca20.tk
417,nda8a7b830841d1a4e399d0fc0abf96c37.ws
418,uac8ba0ec07fbea0ecf202cd78e9ad5ec5.tk
419,k3e7450eaf6eaeb18d717cea00b7cbf2f8.hk
420,m09c2f0ee4686760b788cb661d1b44eb6f.cc
421,qfedf9523eaad2aae4733e4242abe2edd8.hk
422,ub63529ceb3b4d80150b0adac8f7aaf637.hk
423,z6889b34c6efee610770b8fdfa21d62dae.so
424,dace9afbc3eb5c8a61b07b34f65a392343.in
425,y5f0d6f26ecb03c1cddbac51d68d50e429.cc
426,vf00a19ee39ad4d0467a15acf63a5735ca.ws
427,saea59e0c04d734ea77d3bc8e90a07ccb2.to
428,je7136a3084c81534427508d693ddde4be.cn
429,zb5ca0ab06637620043716bd043dc83a6b.in
430,f42fd303809190d413b03be7bdf686bbd5.in
431,l31d392354eebe99324167235c1f6d22d7.ws
432,we5e207875d0e63c91b231c3edd37f8ba0.cc
433,a3c05d41896df9b7059419f6394534e14b.tk
434,mba11efc3186695cf473387ffe2ea96e2e.to
435,m67e2bc8a95475d91816109105b6f2447c.hk
436,w17a88e3dbba44cea798512ce44e4c0896.to
437,m848671400245b97f4fbc0ef7761fec62c.cc
438,zf8fe2366e087bd562be7e18323b55e8a9.ws
439,ya78811d1c58959e071404699198cfeb01.cc
440,g95a275dbb440204293e4caeaad48e5a03.to
441,ae6f2e342efdb0e57fecff10f04706ccdd.tk
442,tfbd4f046ff4ee56835cae3d4b9eb06b22.so
443,f81ae367de35a27fb63195c86d31d120a7.cn
444,eed5ba0d4a8ed93a8f06384dcb8b1317fb.cc
445,s52e0aab64f1e0c8056a274468459d1353.tk
446,hf0d3c9b92fd830a9da1c13660f2a8ccbe.so
447,h30707d3710b0e80e48e0024a6f8bc6b6d.cn
448,q2587f22eb0ca67484923355232ecacc49.cc
449,if56fce6ad03464f8f6d3fbf81a5fc8dac.tk
450,w880ecc044e7201d84dcd2a7e7dd1ad2c1.cc
451,g61abcb3095fa1e4a009408fe60f8c626b.to
452,c6b2ac2e239047c68697777bcec325c56a.hk
453,q8fc70ea00a13d07297ac2493334af5e71.tk
454,id33d52d4ed39d899b74531c7b3e500be0.tk
455,w8b12e18a4a5143ba5b64c207d05e0172d.tk
456,t0f3efaff11f4353fa745edc9fdabb5545.cn
457,qf028ad14280866169b7b9c6d322200442.cc
458,j4395285b6b01d288220a4ac55e2b28eb7.cn
459,p377ac67b27df8def7fba47c11fe298e27.so
460,w2c000dd14cf7c1f8f79dd798b8e19158f.hk
461,n46731953792bb83deaaa8396b2613701b.cn
462,j546542ac8378517d7f57de25a01b0e687.in
463,ae899b7c6ec861b0c49af80997e6c3af1f.cc
464,k1103ff31a9897f4d85654b8d4b4ed5e18.hk
465,ee5efa5d71f2041d98cd8bab91b42fc79b.hk
466,nd734348e5a0298b9e1bd016f969b7adca.cn
467,q469e134ca5bcbac60fc7025375e187003.tk
468,c065b5bc98bb9e79d1cab05bfb413b7777.cc
469,ce1b2c12c20b80fc4566a58af12f8f28c8.hk
470,w97dba07298a41565a107809f3ddef0622.tk
471,cd41845ff2fd4dfa45c5bca9ac5ef7ddef.to
472,tce77d6d8f378a6772c9d5662f6f6b5f3e.so
473,r5dfca1033f3edc3b542919f54c7517709.in
474,g17741283e558de67e6aa99b22f9ccda76.to
475,cf5d0f0c780c30bf7fc210109c0f3299dd.to
476,dcc7b5b7039848ac5f5756eda59a48c020.cn
477,pd913050e76173ee3d448fc1333f06c0a5.so
478,ed0677a2538e7f8ec875f6c3665711422e.cc
479,o1087bd656797a8baaf5fdf76195dfa30f.to
480,de63103dadae6e7f12bbadaa3ba13d8753.cn
481,bffbee65e14d3a2f054af2bac18897f8a8.in
482,af8f89f37d91f3a2f52bbd6edf0ab9c1a4.cc
483,c929d89822cc1770698068dcf60014ff7f.tk
484,h8b713839d983995e6aec5fe184fc8bf4d.cn
485,j5078186723d0a8924a13bd0d2824a8fef.ws
486,h1465bad27f43c62e77788bd2d038c5b2f.ws
487,b1b9ca1d0a7740a236dbeb5cd02ebad391.so
488,z04dfea5e9fe921d7e10e8e7077d2f1f10.cn
489,u14d87072deca626991652e01b789b2ddc.tk
490,s1190ad36288cb99ebe744a572817e362a.hk
491,k87de49dfc87f58ca69740e93da950c3a9.cc
492,kf729f544a635c4678e199f11d3c54d19f.cc
493,x0ee2a4732ed9e9ad04f7222c06d85055a.so
494,s4f3be51b39ca790949afd2f3048629213.hk
495,va3a50d7223a24e2a66e4b9ff8ccf6a867.ws
496,bb9af5674e3e6090a4d921c83f2502565e.ws
497,d08bd018901a45649fc80ca58e0d72a198.so
498,m28bd8f99a50f7803f08dd58cb09c6bed4.hk
499,j1ecd3f913faad79789e34f8c76de37cd1.in
500,eefd145dd1f64b444ff7695efaa62fd8f1.to
501,td936eee54df564d042611d546501a93f3.ws
502,s729e9b0b6ea2b0fb8d1d59684857624ec.hk
503,f4adf22b0b0027eb5bfbdb8177ee383675.ws
504,a18da71e5453e1ce07626a1dcbb0848325.hk
505,uda8d313ad68e1d83d6986a82a2d058ff1.tk
506,s7204257af98c19b1921eb503e27467cae.cc
507,u3314c38cb11890e549c7fa605cc8bac56.cc
508,pca96139ab1c703638658564cb582496ac.ws
509,o9763f7adbe379da61302bcdaf64df3437.tk
510,nc8b900994e0d6d663b009b8b089505ef1.cn
511,rbbdeba28704696d787c47ed97f70029d9.ws
512,x78a4e3b7e05938407e5a2fb198b8f1967.cn
513,a87024c7135833c9dad0cd1c8414aaceb6.to
514,c4f0908291ab01ba55d38bb768168db5b2.hk
515,f6844e1c54f2f403b7e38848f4ba4da288.in
516,wb255b969866780f1d30a11aa57388e9d8.tk
517,ca3193f8296e7ce7a8556999faf5afac68.hk
518,l449cc3fd6e4a9c995dafd70f8ff5cdb1f.ws
519,d19bc62217bd7c742ea4f180dca80b8425.cn
520,q63fdab54efed5f571b2ac33c022c6f86b.hk
521,t57dd2330c095b1da113fcca442d482aef.in
522,d8ae78d976b539fe19e9c7e97b08431900.so
523,f7381586dd6269b126e3bd4cfc556f66fe.cn
524,racd287a1ac66ad0ea18d82704f74841f0.cn
525,r99469f148e82c3f9381ce808d11faa139.in
526,l8be7e47f2aec43480645239fc598a8cd0.cn
527,h1fc8204b3670ec0731d5580b4d7737b28.cn
528,c9e09ad5a23739e353fe7bb1570a3538eb.hk
529,j79be86fcebbe7460559d44c7db87adfe2.cn
530,sdefca25da397acefc1fc2e3acc4a424c3.tk
531,i0e6d9e713cc74aae7a6622db6f9ba6e5e.cc
532,u7ce7979938300a7ce009b8377fc68c23c.hk
533,wb5476939af43c02a62a29d44c731ceb2c.cc
534,o239f25fa8ca3a0cafb79ff3a3b51d3242.to
535,q82b633e4d02dc6a6a3ad6f24a0a519172.tk
536,e3d0b7fff4e214edb72718a82d6b744512.hk
537,v88f6af622ba1800b9c5cd3520f468dd4a.in
538,wbf627abfb1775a9c82f7717f9d230f7aa.tk
539,m57eb6be75711c9b6e19521784d22bdd4f.to
540,m173fecbac9345acfd46abe10d0e2b7e39.tk
541,l95664df600cb48adfe7e07334b981e84e.in
542,z877deca14484f7d7a9d878cd73bd4c776.in
543,v0331c626879f32ed2fc7c637458680c50.cn
544,b4b1eb0e8db7b9bf1beaad248f3ed3e21c.ws
545,fa7bb6504844d34018c4e49ba22bb8079f.so
546,j1eec670c6ff5db205f5668920a1e40fc3.in
547,o89c4d6be41c55729332cc21178b05a9ea.tk
548,x4659e32984804303b996771f881101e6b.ws
549,gd95f5a932b5f4974660029d2f908aba93.tk
550,gac543f680cf321b4460188a43f2985d18.hk
551,q474818c7baf871b98f13223a15f98b1ce.hk
552,mb79f9466c72dd9b85b52659cc5ebcef32.tk
553,r8caa03b98ee8777edb749a12a8ae8fad8.cn
554,u4ab646aca4de90ee967a36fd90b983547.to
555,j4aee3c3a7a25c4b5fddab568df0d1d5e4.in
556,fa19d2f81683de9131ee15727434635cf0.so
557,w013bc401146f1d1386e22bd876b20189c.hk
558,e41859b425838117b9be4a46016543e09d.tk
559,m7051f493f11fb8c20d63485dcefb65053.hk
560,hf324c7d66009857116225f8746dd27422.cn
561,f045785af693c0975cbfdcb019c5a8f4d3.so
562,v64a423930fd0627485a4a34545be5d735.ws
563,nf8f327ef59958c39c561837400d4df494.cn
564,qa67026f729d411777545a9609049e7abe.to
565,i9a0849051016ed09db009ac9d207d0313.to
566,rb97d95761d3ff4fa606bb848f49fecf89.so
567,k3a8b2d79ab97ec1882a2239e0e10ca1ee.hk
568,p43c7eb1043e30ae3e11c4645de6f5f52f.cn
569,q0fa6edcd7881503d212f72f8221b5961c.cc
570,r87a145c0318c59013b4982aae561736d6.cn
571,g5628b2717e9ccf9957df7dfa141772cda.hk
572,ya28175a5b278e767078edc3ebc7f5aa3b.to
573,p119e635913982c6680254faf08d6add24.so
574,r95af93c696810d7a5093d2faddda5f5eb.cn
575,hc147641f0391a6d5c8431c4a592681867.in
576,ld205a9532f8a5894b6ed0e0372978bd3b.ws
577,f976d6ccbda797c2b959479570d8bbb8a1.so
578,ne258c4cbb78e13558ef363ef2e7990859.in
579,dd1379e2be4d29d87fb10f20d8154c6141.so
580,oc7be7fbfd9b34695514e894e472c01a12.to
581,d6fb5c252bee2d757f1c6e07a9ddd80014.so
582,tf9bd211952c06e168e306204855ad6422.in
583,t8ea7a4b277352321b6d58f1a8ee0643c1.cn
584,f72ed10c5bd3e02568ad95d785891471a6.cn
585,v766980676c720a9cd9128af0c0911693a.ws
586,h3c93f48c6ffbc81981829cea43395c8eb.so
587,qdd3eed92b90b6146ea218526704a8b7e9.tk
588,p0e3685a659d04d95609b48eb6ab5bd977.cn
589,f3d47cee695f9139192d7de866fc8d14b3.ws
590,l31ea00db53934e9d16fd0fcb3012e306e.in
591,ubf0bf24a33f4d1b1ae69de6a8c3446807.to
592,x50a876d62cd319e101cd8c607fa54b526.ws
593,fa0561c9b06a4f0d7926f04a0fd52b4cc4.cn
594,fe85bee169bfa045240e4c57019f36792c.in
595,z0fcb1be59e80b88d584c7664dc6883c11.ws
596,z74f2b8090d30f5464d857ee21f76350d2.in
597,u76e4f87416a6d41cc2bded02fc4a3eb8e.to
598,e567abbcfd0d9239a4c28fb7d00ea66776.hk
599,x7dc43574f092c5ba5131d3714b88c87a1.ws
600,pbe9afb0aa1da99daef08d8f743a444d00.in
601,hc5b2434f97ed7a9922cef7d1a9bb94046.in
602,yd70ccb56f66df523b5b92d99b98bef215.hk
603,kbd1e50826a86c0c50619ed79e267765f6.tk
604,s4a1e0f16051de8e637b97f6af5653e5d5.tk
605,q8111555e9ca92f5997c7faa3d4ffb1e33.tk
606,uc08c41604f697279780d35f83633c0196.cc
607,y80629d687f831326890aa25a77c524dea.cc
608,l874755f9d0865f14035759a1df8b0d6af.cn
609,vf7e63a6534ef3b3a18e2c9c891c4329e2.so
610,xc1fe71c87ea8b5fb0c67dbb2b7ee9d740.ws
611,c958798e4a6b9172a5fde9d69bcd655010.to
612,id51e18b5a49d5b86036901c5e787b717d.hk
613,qe75c2f7ee69899a4ae7393d219c8cab5e.to
614,xb56726f6cc275c880fb3e342b327e8448.in
615,k4fc03139aab8eea01c2b8ca4abbc167ab.hk
616,q240923f129b57a51f67e2ded65f8e6f83.hk
617,w5c2298e93c92c40b942652d24bb7363dd.hk
618,ka64e10775a840976dceb11fa2be3df885.to
619,v793e0129d9d9699a543c5c0fe2cf54ff6.cn
620,k762e41b5171e6f64cf097b8d4c82171ed.cc
621,d24ec3b4a7425de97dde26157d21cad56e.ws
622,a89e26b17ec2165de6ddc449bba9c17a66.hk
623,obfbfa2dc5d5151f856523bd7c652780ed.tk
624,ba7c66ecf9bacb40d5afb1f5aa6b0a8212.cn
625,t595fd304d7a55994a14a6dde6caf77a70.ws
626,f0ba9bb0330c5b5d2df60368ad06fc3bf1.ws
627,r499a2aab473ce6aa73d6a91e0953a1ad3.in
628,w631381893b5ac2487d2e8b8bd7eb48cbe.tk
629,f1441f2393c5191d623cc223d9acb20e6d.in
630,cb46eb6e802167338733f0bdb4d944f433.tk
631,u6c079fc06841d79f7048361c43b8cac2b.hk
632,o6975e785de3d1a29e3316829fd8256ac8.to
633,ice45409b62a6ded3298db85bfe1a9b3b6.tk
634,e5c3f86b2e4450e5fa7ebb7018b4c6fa69.to
635,ef342d74cd24ec3828c3b626533a6d67ad.cc
636,t37f6dbce15a1a124dee57d0981145ff0a.in
637,n3c353919afa3e3616a8c78c2ab506d7b8.cn
638,he451d13c43145809e69812bc0b5c58b47.in
639,mf9ef316b96d7bc77a3c4b5896d0c79fb9.to
640,i9e5ceab3b565fcf9d0b5cabaca8b38534.to
641,w3022146aad6a9d4095fda3caf73afcc5b.hk
642,bf8813ab8aff13bab724085e5e2bb33ad3.cn
643,e4fd3fb5bd81c6fabf8abbc6c21cf40dab.tk
644,o77aecd7d0580c6a6fd6621dcbfddd938f.hk
645,c3bb1ede336968207b58a88df67a7ce01c.to
646,h439ad12b53012ca167456188ff88a3696.ws
647,df0e8db0a3a0bc07bda94a8ed84219fcca.in
648,w0e54a5b4a78e880f239dcbdc9aeffbc8e.cc
649,pe29e3cdd34664d803b85da9479533caea.cn
650,dbedc6c9d20e54cc295f071bfd3d6bc38d.ws
651,s6d562a5f4db7188fb375b878c0030e13a.tk
652,jaa74e87b14e42860dbe49e0d28bdaba78.cn
653,ie60c8b8f28ff33ef25ef155ed8fc3bd2a.hk
654,v2178e11d1ac0ae1d0157b68929fa2ed4a.so
655,b6d3070e9c71de4e8ac7aaacb9b6f0b8fb.so
656,gbf3c6523874c23e6ae6cf68057877c5aa.tk
657,gb576cfccb151aa75a4e26c532f4d97862.hk
658,o5632abdd3476b402ecc62a0e78fc20263.cc
659,lb9035194ec5f3206b2a53e193e99c34c1.so
660,l366f7a06bcbf8aa154eb7d657e4107e53.cn
661,g4e11e40e57067cbfc4d5aba5fecaa1468.cc
662,l868cd351be769b666159b26003116badc.cn
663,a01e7398276778c46123f71f73d61fd9c2.cc
664,i50fa2c861dc995d71706a9453fe271eb7.cc
665,odf73e3473fc54040711b406f5ff4a03e8.cc
666,n43aefad59b568c3047d2f50e882d5f6a9.ws
667,j6f5ad0572ef51252ee82fb394157a39b4.in
668,c111f2661a7843eba23df437a18d14d68a.hk
669,q988a4c61bba99fd899a963e7c5a59cee3.cc
670,y968e6ff4c7561aa582a3b47930d8da756.tk
671,ubdfbbd23e0b7d28e3303d4f19ef56499d.cc
672,c714357631367117a5cc641975a381bb47.cc
673,df1c76f4328e361861dfb932fbad090d72.cn
674,peef459c107fe810129595bc9caab3a832.so
675,x703a16289dbe6752df39efce4b8a6e991.ws
676,j8e92422a7f179ce4c5a023d776421abc9.ws
677,a03c2d98de3adfd66f8c550e5d54d7d12b.cc
678,zff2635e857cd43dd7642d293e92a09c3b.so
679,u246d4e6eb35a4bc7ea65757b85b59dfeb.to
680,a825cc243a1d42f74772ff894215ec28e1.to
681,bc9f0b3c89b3abdbdff9db225b919ed3f0.cn
682,cf775b6e5df17f9e8617a0affca05298ac.cc
683,g492d74f47ebae87650e9bc9c48c53f1d9.to
684,keec8f96853564b8f13c57b4d5e21137eb.cc
685,nfefdd3d63f37675cb1e06592928bf793d.in
686,td4c999359bce8596115a60b8acd0754e9.so
687,v5994c08b3237d97f254b099bc0886c49c.so
688,r5f89976c55a61417cd25e9e338a1bc229.so
689,g061092524c6a6f870fe074195b3b44b3f.hk
690,ea72fc9fe7eafc5eb8f66e4eb16352ecbb.cc
691,re0f70ae3b177df051010fc15bb6763bb5.ws
692,w5a15a168235684d68476102cfbba1d27e.to
693,pb0e5b389472c1a8d0fe199c0b133c7035.cn
694,sd6484a3022296deb44a91d6113cd71d2c.tk
695,j5e3c0bec8742cffb7028c14e7a936d7ff.cn
696,j699c57b5d771eeb84312ddd8a67bf981e.in
697,o43fc296411df961272ddc23c00d5e1dc0.cc
698,df570512f1fefc32c67e9b16489b945e94.so
699,te37c04a57175331ab37f6055d8c271e8e.ws
700,i691c850082db4c2e0491ef2501d9fc489.to
701,h5e78bca0959004a9610989b28fe7abede.cn
702,r00eaaeef2ddb23b62e5434b7f84406a3f.so
703,gceae0a97461bffa50ca17fedba56f7b0b.cc
704,vc6757e3c3936c8ec5529a88512876c7fb.cn
705,r4c2d4af5fb52d60666b2e2002f9fbcf69.ws
706,y6f9c7ae8c17e98f873efef2ef9eab8a35.to
707,x9ed7573950e1b19660598f3a65364b478.so
708,e01523711a2c689137cc0bd88013bb0fef.hk
709,t8772b0a93c3fbc339c7bbb8805c075329.in
710,b03a490dac07ea5a1ab011468ed6131bf9.in
711,kaf3a830d5a1becdd73923eb9e2e7bfefa.to
712,s981df6ae3945745d807768c2cd7beeda1.cc
713,hb9ac8f9fab31656f89fdedaf704fd3529.cn
714,sff72d08b90bad6bdcabcafa4e7be2f787.to
715,n565bbf249ba8b80c7c5fb4badf00fd869.so
716,cc2bbf72f6a43fd17af722756eb28ded32.cc
717,sf9c1fa9d7c98ee0952b0951a58410f836.cc
718,u79dcb4096bbdeac58b24e12f415ea7619.to
719,h92411b939fb41fd6879655130a8af8701.cn
720,ydd2d98d0cb46074463ea7fb0a43750fcc.hk
721,f6b57aff4cfe3544cc2bb131a43e0ab448.ws
722,m46070db31afee43f3b50768293f6e49c9.hk
723,k4b4d464c30b7d1bc4389f48421f1292f0.tk
724,ic95a654c4d6a147a4a7e4fa80878ad31b.hk
725,d2c8e24e12c29a52a23a69333de50fe270.ws
726,z19d298482b5ef9b2ea9351b3d0f0e16e2.ws
727,sf4916b74b61bb061d6e524256a23a0ec0.tk
728,ta5eae3307fae88b9180f5ab9cc686a7cd.in
729,f2aa382826f70670e6795b05ae298e24eb.so
730,f60b544323caef3ffeaf8d55176988ca30.ws
731,n45218b3ff27a83851e69f9991894be4c0.so
732,c4ffd55051e2aaade035baf5585e7b1907.tk
733,ie531eaa6a74de1ff2d5a9d43139a721d8.to
734,md80b0e82ef1de5181e82ddfa8f709d891.tk
735,ce786092df8e5be658be158085ffae6865.hk
736,gb7d525462094daf1c280d67df616c2ea5.hk
737,ff40991eb320d95407b18f5ef40c0c89fc.ws
738,fed82e0475ade88b2589a6bedc5dbc4b51.cn
739,od9aa9b8e39c3d449667f0314581304bf5.tk
740,h0f1c0ccf530a3cff6ff3f0c89fc3b6f3d.so
741,z1ec132478b0c47560ecace7b9c3f64f48.cn
742,r01a57aa92af79c1fe3958c13c7dd753bb.so
743,r44e23db8e8b98b567edc0bf5083d36fac.ws
744,jfbb2d994cbb4923cd00374967113abf6a.in
745,e16cf2973efdf245bbbd48ce8debc01595.tk
746,b197bed2cb440181f258c3fa795e220bbe.ws
747,oc1a8f00b59406bff39d0c2c8963e4f29b.cc
748,t3e38ea006c45f03bf999ae55ebc9f3b5f.in
749,ee6b3ee5d678487f5c53c24d4dd539a476.to
750,r97dbf3f5fd42fae7bad442de307e2a469.in
751,d0c2f53dca76ba12658990896de9204de2.cn
752,d3bea9a09ba9269864e0bce66692a0509c.so
753,d582e44e18eede47ccc63bf4a3035007e4.ws
754,b53c54314a97a227d12a84a3cfe5282591.so
755,z22194b5bdef89d975f9c0b5bebd4e182e.so
756,dbfbbf32e50acc5ed3c110db76c790cb26.in
757,ccdd8a39cb848fc632d407a696675f3f03.tk
758,x0ee8904ff28cfae953e1673cfa1e44897.cn
759,e48d22fb9cda93abaccaf5eddb0a07b78f.to
760,p795f689e875e481bac55c74dc62c8fc40.so
761,ub6613ee8280ef20c8666a8127ba962e2b.to
762,d9476af354bc91f5f995c9b1db116476cd.in
763,hc9953efa23870e499c885fe0ae35c2c56.so
764,bca21915b7f33d24cf7fce70de82818c9e.in
765,j77cd47f0174e618871499c097516b322f.so
766,ya2c53e930d2e817787f3304397c4c9b36.hk
767,d2ef20a0a390865665ed367eedada8d47a.so
768,a371d7c288b7db9200b8c4a45fd8ca078e.tk
769,a3369070dc6f789402704be1f7e3816861.cc
770,g5dc40d27b47fcbbbd6a0df5778cfbc93f.to
771,h3ac6f82551f9e95dfa96a2d29347f7df5.so
772,m53b7b5d293201a65e198c03597dfb6232.cc
773,qbf2199001bec0af5ace6e2e0afab915a9.to
774,eb21bb4578fcee8963e1ed110789249b22.tk
775,i5bbf9d8847cb0e452dc7f0a59526cd525.tk
776,ge9599116822eb21441db37f47b701f228.cc
777,pdba0fc8eb2bed7d39c19bc60b18f12cb3.so
778,p374c74a1f4581ec542fd64f2f3f94e709.cn
779,caf14e106e3e3f0604dedb73e801e77053.to
780,scf6f57f7c1362825ec9f5b14019667bf8.hk
781,s799ead42a42ef6f9b9572647010288966.cc
782,me6cf7e2cf7a2d91a92b740e38bec70b69.hk
783,t646b46b72f60fe77cd49be3a0df2bc14d.in
784,gb59c169df46ea15e4ec2b19da336dd5fc.to
785,l319d90163602dad077e8454ff8789b08a.in
786,h14f96619584127e9822adceb565a63b3d.in
787,ja0f9b308cb5813c419af2b115c431221d.cn
788,e75e855ecc40492588f04a6251bac1ce5a.tk
789,p8c0327da24e8f32d7c05d1258b4da9612.in
790,o6ad88182c52deb88b80650503fdb67074.hk
791,m4bc7d8a3f1dc2f502c31526873f20c674.to
792,z21079b53ad7ca46753a081dc56170db2e.ws
793,n90da00432ad3d8f3dc2bb3acbda832250.in
794,p3f45faf81cc8b423b9bd277b7b616efe2.so
795,tfc5f4c0fb5c84f1938f3c794720c1f0fd.in
796,tc4bf053417fb6bb0b8656d5f5030cb8e0.ws
797,qb5e9794443e9afe8f4ce28ffd3c4c641d.hk
798,m3b366c0b4a49b05ef890b00fc40915858.hk
799,l1480ee72dec0326fa3d4516a15a2c698e.in
800,a866f3b351d20501f74ebfd6cbc6d7f078.hk
801,h27565c9ce06746f20488a73711e070441.ws
802,a701cbfa3d598ed3c18e0f28e2afb50220.to
803,d9d9f1b80f868879525392c7296c1d7327.so
804,h6114e769eb75eccc2c9eeda3c8bda672a.so
805,p4fa224b6a5efa8690b16b0d886a1f8f4f.in
806,w91271cbc7611763ae194677cfd6b52812.hk
807,i2283795d05741310af5eab9d12cb067a9.to
808,ca6225b120e7ada8ed20a8d2611eca9abb.cc
809,b9051cc7bd9ecc0e60a6721ab3f539ccfa.so
810,x7563a8b2043c419377bcae78d736e785c.cn
811,i95eb229d1bad24b79f7a627681c0761e8.cc
812,z843b46725893b757aa4388943504638c8.ws
813,af0ad099a6528a5e10161a702db0260c32.tk
814,c56781268b8e517e3ee1ea5c43761312bb.cc
815,d98c8d5297b5d6d3e8f07a4486856efb1b.cn
816,beaf809fc013924b2883220b416787fcce.in
817,ca81df5caa94082e74e2ee2bf3c153a9b4.to
818,i375e7972d7354e1f002b291e2116b0029.cc
819,r5be711f4fa55f0354a37cf3b0b32dfe91.ws
820,ebcc4953d0c64c35d29816c522d7e65b8d.cc
821,ga3499ae2d6d48803275c26d751ebd9bd8.cc
822,j6e6679d586934d1734ca45a8210a523c6.cn
823,l69016b8c5ed56d0d8f4ffff559ef50a28.ws
824,za80d2dec6bbef341d503bf4c0bc0b1bba.cn
825,s87cc7c45d6b5b90b196f3a418b579d0bb.tk
826,q1e9d17cf448822e9f53c4f4caed564fa9.to
827,b5d0741aaa8d35e85e8b9e0537b198f1e8.cn
828,be0f23dce2f29cd093f0635c8f542eba20.ws
829,ode4fbf91b25abbfa700832246267bdce3.tk
830,g1874c4a7462abbbfe69fef89638ee1bb1.tk
831,eed48c86d915bcc45d6f7c0722a639ccd2.hk
832,u7516b432ba63008b6aa3371d3ea70c0fb.hk
833,n647ab3b1ad8a197275b15cc11801d9a42.cn
834,y9048fddb34030aaf665e494af360d8309.tk
835,k9d0a990eae175d61663b42a4f367668a5.hk
836,f5b06b7c27383a8ec66f51895b50e57a99.in
837,xea9eba0e9f205e1b32ac54947375b1727.ws
838,d0abcd2fa9dcdbc7d1f3cf80e267e0a34c.in
839,tba99f3b60333fcd5b55fe423091d71297.in
840,a6d2822e47043388bfb5cfe625e036558c.hk
841,a9da758246b54fa63ce426452355bf1939.cc
842,y0cd73fa63009d3eb424ac44df4dc53a8a.hk
843,y18d4d5a9bccaeb1fa8de1291c1d6d601c.cc
844,cc8d86054dc2f1f9b42decd4055e303c27.tk
845,qaa76afd8fa0d596fef62fb67f6f6f2f40.cc
846,ude045a2d59c490e2639feef86edda5f2c.hk
847,x2d869c0771fe008346aeb71b254565311.in
848,n443c922e1e2508b70e1b5955444bf8a07.so
849,efeff4465bc0be1acc646c102d34c0efd6.cc
850,hb02117af1268da9d1c5fba25ed7688fb0.cn
851,o2e18f3cd68db3fd8f0d7929bc89746cb8.to
852,of4e034a9f1a13e8d49bdfb1eaf8a816b1.to
853,sb4c9b47dd2c0d428e4b5024017cbd8db4.to
854,vde49d04db437b701fb049027ae43de909.so
855,f875881320eb4cae399f197dc4903257b9.ws
856,jaa028f9bb1bdddddc9c63014b895ef156.cn
857,h150ecb12ee18e3bd1766525f6b8717958.ws
858,n605e8f1069e5633c5bff2cab1841d7e74.in
859,v8f2c0997db968b93f689fa5adf7f3c4c9.in
860,y2f2e9a40200b1e9299419faec5a61fb6e.cc
861,cd91fcf8da48d3e252349a8025e7d441c8.cc
862,i54ad84f7be9f79d3c8f9bfcb10bd03144.hk
863,ndab7adc461b6855475e2eca2a299e58d6.so
864,pf58400c833edf66014e23d70fb225dc74.in
865,l6cd5c3e7e1c4dabdaa553c086a5d64a9e.in
866,zc11ade483a0487b10f6a0faa4e446ec14.cn
867,id3383cea185ac8604692322d39fcc0f03.to
868,vde3e60780907e2fd226e539664d4488d8.so
869,dc84b3b5070bbaf7a1ad41384a6771322b.in
870,g5f71456e2e74433d2e40a2d9876c42e34.to
871,g0791b7d8e638f132eb4db099a89760cf8.hk
872,od1ac9a8596ff6db23f69c8bbf9d956f5a.cc
873,ke7122c2cb9fa650f12d1558a8ced6bf04.hk
874,q714214d8f07ae1000e85476fbb9af2dc5.hk
875,l0214790363feef92d927ffdc22942bfd9.so
876,kdee60be981555ba881ae0eb34c918cc17.to
877,rf293c6f27e7daf0c8405591eaf607b227.ws
878,pbf797ab05b8be273f0b4bf08d1a5fe94c.ws
879,c13c5221e556bc5227ed8b8b72c486bbcb.to
880,qcdee9e77747fc902db392a745dc45d3c9.tk
881,ac129d6ae89c7c1aa917889e6a578b0ddb.to
882,c106b316a2b36374fd00be0be79884b4e1.tk
883,j95058bb520e2adcb25a737d0997edb14a.so
884,m881cec04eba821f69b0a350013d5e35ba.cc
885,y098bde2192c4c5b296b47ce1eddd17c2d.hk
886,i77a21a273149ff9a894545a9422f6653b.to
887,u67a24cb1dac110dc14593ea2970606139.cc
888,ted08d915bd579a29e543337e1ba3af0ce.cn
889,of65ff5cdcd20ce25269e1d8f9bfade71b.to
890,r02dc847cfba8bcdad12af809ba25a1d9c.in
891,na347f209f72b7cb9bab2ec4029ebb1954.so
892,b72b0a947e7da8b7eae7ac5298a37906dc.cn
893,pa49e196c1a190154ead8e8ac32b597061.ws
894,qefd93ecce5da8ddb25f908a5f182faac7.to
895,zd0ac8b08a8a02699f014a310704e70b1e.ws
896,lccef0620593a55210014114b854e5fcd5.so
897,ye76b4c4d9df9609cbb056a56634401849.tk
898,i6b0020fbfd7ff4b07f42f8e8b5c2a017b.cc
899,b416f43d22e986ebc09f8b04c0a523ac89.cn
900,b8ff62f1ac26c1aa3d41b091e427b7c535.in
901,m328a20d34a9809a044b928f1886861c0c.cc
902,r63cf0c4f1dceffde323245e1157a8a0e1.cn
903,q564114e3499c7f929e94dda6677a06659.tk
904,m6c7c6b64cdc86b043bcc5d9252df7acb7.tk
905,l887f36c70ce58475a39012a8778a3d675.ws
906,n81a6865448835a97222317dc3ad6c2ba2.ws
907,ya7d3abdf9b0e1df93627826f5beddead8.tk
908,k40e8f32cea8e683c4c0f1a09f2701c806.hk
909,od350ff80d978e46deb0ef89df3a4da38f.hk
910,r4339f512b71d214f9a1800199707859af.cn
911,ae15104f0dae86212e433d06623802c624.to
912,j09d39688512a99c26b844baa7695ded87.cn
913,b4386665f4c2301779b8f2d15dfad05220.so
914,vc4c69df4ef9204936687afed5061a057c.cn
915,k01626f8d7a3389c77db2e00d6a8634e8c.tk
916,s1369b35b120b12ffa477e8abf26260453.cc
917,e44bd3fbdd997ad94b42556e2639b78365.hk
918,oc3a01924acbae96c97477359b30b2ccaa.cc
919,we5b15e271b0b5adb154aac9ac77db6d22.cc
920,zac6854ec70fe4eac5935c954ed88fbcc5.in
921,m9dd6b15f48bc4ec01209b99c86c8f0d4c.to
922,k20f833fc6190af9c9836e341386442b51.to
923,b4c85f35fd261f8e75a171c5805a0cc057.ws
924,e9128596e53d1c9d3e109434aab48ff7f6.tk
925,b3efc3eaf05459b454a640df5d8977c88a.ws
926,h9b86eba9e4503a3587a06d0c390d6f56b.ws
927,ie9e93efce1dad27287a5681ce1bf4f5ef.tk
928,q1bb9a1e4d6a0d269dff090f5aed40ef3e.tk
929,n9000a3f56effc6028eb0cdb12404288b3.in
930,yb8ef3aacfcc7c8381e6cac63d1aea6adb.hk
931,xe0f3abcaad1a29e001e7eec2d65312e03.so
932,hc6051d3a2813b65ea5e7200c763636e9f.in
933,t34b18ee703cf7519794c8c10f634ea4e8.so
934,o663973a8a79019d4e947b3275792c5291.hk
935,s1a702de0e2201d317f387c45af0419832.hk
936,t5abe2c8f412ec29d13d72b2f1e0b0f176.cn
937,c52d8ac0b06db7a6d6232dabca81f959e0.tk
938,l9fadcd6e1c70b9b7e7b1f351b2ccb09e0.cn
939,rf801262867d7a65fd4212587c7b6c129e.cn
940,dbbda2c56ffc5e8f0bee4d8bb5d0f4dba2.ws
941,j7122459eebc1e81ac960f5c680e3dc86a.ws
942,f7dbf5effb188bb0b1cd08efaa1cfdcc3d.ws
943,rc47154b466c23375c9566407a6e966dc9.ws
944,i7c3814606be6ada187ba88bddfc7a6b76.cc
945,v7fd4f95392703369d817400b03216467a.ws
946,k1b3b867aee665339890003473ab2c1817.tk
947,xed2c6f2d8bb05d73074c99d2331a58163.ws
948,oae6a2e7fdcee0de1eaeffc5d3b53569f3.hk
949,s5d019ca0d14796444ebbeb0ea99aa7817.hk
950,w684f59dd234d74c6adefe0c34c7be4ffa.hk
951,v4cc38063428d5ad55ce7648d2aa77c0a1.so
952,zb83e939a751211d0f9f564ce4b71894a9.cn
953,o8fd0a67dcb0b7cbec60733d763520825c.hk
954,ye9564f20860d6bdd066e07c18af2c593e.cc
955,maf3792a25558d9b556bd8415214999a6c.hk
956,ub3e96f9f8710cebd154d0cbd291290657.tk
957,qd22f415901761cb578746213870e49813.hk
958,y109f32b586d84dc11bd51aa0ddb3f55fd.hk
959,ab8170ef2fc62ad779bc2c834067ffde2c.tk
960,ld3b90e9baef4167323c44c83ce6a6ef30.so
961,s341444496223a5f83fb2f08885d4770f8.cc
962,w83fc78da49ca7e84ca629541006f6c86c.tk
963,b68774a5202dbba40c1ba760032edcd0b1.in
964,z50de7acaf37fcb40f11ad9ae8261b599e.in
965,v497b00ca38c88024cd1c4003c654a0df6.so
966,wa747d871edfd7d0cd8cafe4842f0ae5d6.tk
967,t536e2ba33bd20151589dd28ac6b9d9b2e.cn
968,o750f011029e5e76c0dd5e0dca2d4bb58f.tk
969,h8e9843bd27f93f33185bd700d4f0e59b0.ws
970,mdfed68732c697810bd125ee9f5959a9e9.cc
971,j914c4e68c1be8d47f9bf81711ec7ba0b8.so
972,v43ae7d2b798bc40761f39fcf590b99774.in
973,f8ee16612e9612b4eb48a87a7da9dbf5f1.cn
974,d4b695bf862ad705ced0ec28d168f165cc.cn
975,p380d43e58296ad0c750e19e8450c078e2.cn
976,c934217b337c980ecc6fff5e6eee08f944.to
977,j93712ad3f516759aeb2ccb42c820fa7a6.ws
978,v1854ec66226bfa54f9f309f11640db638.ws
979,r950d1e2561146ac29007cad2355654236.in
980,g4671631dc9d15c91b2c3830fb3c8f5aa1.tk
981,m1f5d0ce41241759d2bc93ca55836d7d5f.cc
982,yb8433a5877208c6991e6a37fa482997fd.to
983,kea0898a2000d2927df857fc133c05a0b3.hk
984,c6d82f1f5293d42e89da5aa5083c5fe08a.cc
985,v1a1dc191572335566a46703c8927ec34a.in
986,j8dec607b4116f6bdd04182b045b9ea9e5.ws
987,s05f0b6ac4a47cbc2831159ddf79b75524.to
988,b763aca06f8bdd34a4ab9cf1ca42839e1e.so
989,z15a23f5a315eedbac952da9677b578751.in
990,j04af31edadf3c782c36f8fe5228122a18.so
991,v78355b165699cdf6e2e5cff190fc3aa8f.cn
992,tb58f9ff610a47ebdbee1ad778d8954e75.cn
993,m9c8694285865ba0277f600c8969cf59aa.cc
994,i473d86107933ff5649234ad8322fa6323.hk
995,e14ce591a535295346903c8aa5d9111b04.tk
996,fa03f8538dccbeee5b20be7ea4ab2c6550.cn
997,kfe5f89c2df33456514909628d868d253c.tk
