,Domain,Length,asii_value,word_count,Vowel_Count,consonants,syllable_count,underscore,hyphen,tandi,tanv,count_n,count_v,count_adj,max_length_word,min_length_word,ratito_char,label
0,njbupdhytbpywy.co.uk,14,1555,7,1,13,4,0,0,0.0,0.07142857142857142,0,0,0,3,1,1.0,1
1,ogxilkfwjnop.com,12,1314,7,3,9,3,0,0,0.0,0.25,0,0,0,3,1,1.0,1
2,bkmveedyyasyaw.net,14,1525,6,4,10,3,0,0,0.0,0.2857142857142857,0,0,0,3,1,1.0,1
3,hhiddprfpafgoki.net,15,1578,7,4,11,4,0,0,0.0,0.26666666666666666,1,1,1,3,1,1.0,1
4,aoiuqmbpjuux.biz,12,1322,6,6,6,2,0,0,0.0,0.5,0,0,0,3,1,1.0,1
5,cqsnqcpaelci.com,12,1271,6,3,9,2,0,0,0.0,0.25,0,0,0,3,1,1.0,1
6,uxuovdykhrdyk.ru,13,1457,6,3,10,4,0,0,0.0,0.23076923076923078,0,0,0,3,1,1.0,1
7,pewwohwxsdsskd.co.uk,14,1557,7,2,12,2,0,0,0.0,0.14285714285714285,0,0,0,4,1,1.0,1
8,sknqgyhbkjkt.info,12,1307,6,0,12,1,0,0,0.0,0.0,0,0,0,3,1,1.0,1
9,vqddtgxqiuer.info,12,1320,7,3,9,1,0,0,0.0,0.25,0,0,0,3,1,1.0,1
10,wdjsilupnbke.com,12,1298,5,3,9,2,0,0,0.0,0.25,0,0,0,3,1,1.0,1
11,vacenoeyapgxsqe.info,15,1619,6,6,9,3,0,0,0.0,0.4,0,0,0,3,2,1.0,1
12,yapxoqftgydvev.info,14,1553,7,3,11,4,0,0,0.0,0.21428571428571427,0,0,0,3,1,1.0,1
13,pkfdkskcmdnvg.com,13,1389,7,0,13,0,0,0,0.0,0.0,0,0,0,3,1,1.0,1
14,wuquotsrwexrtpc.com,15,1703,7,4,11,3,0,0,0.0,0.26666666666666666,0,0,0,3,1,1.0,1
15,wolxycapocyu.co.uk,12,1335,5,4,8,5,0,0,0.0,0.3333333333333333,0,0,0,4,1,1.0,1
16,wunuovkrrnre.net,12,1352,6,4,8,2,0,0,0.0,0.3333333333333333,0,0,0,3,1,1.0,1
17,tstnpmfdnxfjt.biz,13,1434,6,0,13,0,0,0,0.0,0.0,0,0,0,3,1,1.0,1
18,jfmibnharpqdyf.co.uk,14,1493,7,2,12,3,0,0,0.0,0.14285714285714285,0,0,0,4,1,1.0,1
19,bkmhcsnsbiyqpq.com,14,1519,8,1,13,1,0,0,0.0,0.07142857142857142,0,0,0,3,1,1.0,1
20,qwvqwdthuoyta.ru,13,1464,7,3,10,2,0,0,0.0,0.23076923076923078,0,0,0,3,1,1.0,1
21,tpueyiqhwbysqy.co.uk,14,1576,8,3,11,3,0,0,0.0,0.21428571428571427,0,0,0,2,1,1.0,1
22,hdhbfyihghcvg.co.uk,13,1365,6,1,12,1,0,0,0.0,0.07692307692307693,0,0,0,3,1,1.0,1
23,wdkvfeqxbrvrft.ru,14,1542,7,1,13,1,0,0,0.0,0.07142857142857142,0,0,0,2,2,1.0,1
24,nmdlpekvgmdl.org,12,1285,5,1,11,1,0,0,0.0,0.08333333333333333,0,0,0,3,1,1.0,1
25,hffemrdalppgywk.biz,15,1611,7,2,13,3,0,0,0.0,0.13333333333333333,0,0,0,4,1,1.0,1
26,sbmckxfeemaygqf.info,15,1597,8,3,12,2,0,0,0.0,0.2,1,1,0,3,1,1.0,1
27,vrffjyqggqbok.org,13,1411,6,1,12,2,0,0,0.0,0.07692307692307693,0,0,0,3,2,1.0,1
28,rlrgcybspgwuw.biz,13,1442,7,1,12,2,0,0,0.0,0.07692307692307693,0,0,0,3,1,1.0,1
29,tlokdxbmapvt.org,12,1312,6,2,10,2,0,0,0.0,0.16666666666666666,1,0,0,3,1,1.0,1
30,uvcyvqulhxyqm.co.uk,13,1478,7,2,11,4,0,0,0.0,0.15384615384615385,0,0,0,2,1,1.0,1
31,qnhyscemypvec.org,13,1423,7,2,11,4,0,0,0.0,0.15384615384615385,0,0,0,3,1,1.0,1
32,vftunjjghcqyxw.net,14,1554,8,1,13,2,0,0,0.0,0.07142857142857142,0,0,0,3,1,1.0,1
33,ldsgvalgkcysnm.org,14,1513,7,1,13,2,0,0,0.0,0.07142857142857142,0,0,0,3,1,1.0,1
34,ytnnyftbuitp.ru,12,1344,6,2,10,3,0,0,0.0,0.16666666666666666,0,0,0,4,1,1.0,1
35,tmcnpondoyfme.org,13,1411,6,3,10,2,0,0,0.0,0.23076923076923078,0,0,0,5,1,1.0,1
36,evbqlwysucqyscf.org,15,1659,8,2,13,4,0,0,0.0,0.13333333333333333,0,0,0,2,1,1.0,1
37,pgrybuyaubbef.com,13,1399,6,4,9,3,0,0,0.0,0.3076923076923077,2,1,0,4,1,1.0,1
38,mncxqyyewtnfc.org,13,1440,6,1,12,1,0,0,0.0,0.07692307692307693,0,0,0,4,1,1.0,1
39,epolxirinttgur.co.uk,14,1552,6,5,9,5,0,0,0.0,0.35714285714285715,0,0,0,3,1,1.0,1
40,lhfmqoxifwym.biz,12,1323,7,2,10,3,0,0,0.0,0.16666666666666666,1,0,0,2,1,1.0,1
41,feankrwugoqmgjq.org,15,1625,8,4,11,3,0,0,0.0,0.26666666666666666,1,1,1,2,1,1.0,1
42,odtlvqpwnvhusch.net,15,1664,7,2,13,2,0,0,0.0,0.13333333333333333,0,0,0,3,1,1.0,1
43,siqskpmrxbjlhe.co.uk,14,1527,8,2,12,1,0,0,0.0,0.14285714285714285,0,0,0,3,1,1.0,1
44,ynmxsrcsbxqyccd.com,15,1653,8,0,15,2,0,0,0.0,0.0,0,0,0,3,1,1.0,1
45,gktgxayajmbrv.ru,13,1409,7,2,11,1,0,0,0.0,0.15384615384615385,0,0,0,3,1,1.0,1
46,wditbeokxfwhhg.org,14,1509,7,3,11,2,0,0,0.0,0.21428571428571427,1,0,0,2,2,1.0,1
47,bwqdsppeivuk.com,12,1317,5,3,9,2,0,0,0.0,0.25,0,0,0,3,1,1.0,1
48,ttbqoavystrss.com,13,1465,7,2,11,2,0,0,0.0,0.15384615384615385,1,0,0,3,1,1.0,1
49,alkkgaycprwr.biz,12,1298,5,2,10,2,0,0,0.0,0.16666666666666666,0,0,0,3,2,1.0,1
50,ulquptmbbghvcw.com,14,1531,7,2,12,2,0,0,0.0,0.14285714285714285,0,0,0,3,1,1.0,1
51,vsmijqlxbxri.co.uk,12,1331,7,2,10,2,0,0,0.0,0.16666666666666666,0,0,0,2,1,1.0,1
52,wvlepabougnxb.info,13,1412,6,4,9,3,0,0,0.0,0.3076923076923077,0,0,0,4,1,1.0,1
53,htfgmcrlewrw.biz,12,1308,5,1,11,1,0,0,0.0,0.08333333333333333,0,0,0,3,1,1.0,1
54,glhkqmfkbpsk.com,12,1285,6,0,12,0,0,0,0.0,0.0,0,0,0,4,1,1.0,1
55,lxxgnmhwmpvrhh.biz,14,1554,7,0,14,0,0,0,0.0,0.0,0,0,0,3,1,1.0,1
56,lhrulvsrmoilwvb.info,15,1666,7,3,12,2,0,0,0.0,0.2,1,1,0,3,1,1.0,1
57,afqtdjykqrlibn.ru,14,1510,8,2,12,3,0,0,0.0,0.14285714285714285,0,0,0,3,1,1.0,1
58,yqowxipuokwhaw.net,14,1575,7,5,9,5,0,0,0.0,0.35714285714285715,0,0,0,3,1,1.0,1
59,slhtfpbrfifpdj.org,14,1496,7,1,13,1,0,0,0.0,0.07142857142857142,1,0,0,3,1,1.0,1
60,iprjkjewvhpsv.co.uk,13,1437,6,2,11,2,0,0,0.0,0.15384615384615385,0,0,0,3,1,1.0,1
61,kphlutcxeajcu.net,13,1403,7,4,9,3,0,0,0.0,0.3076923076923077,1,0,0,3,1,1.0,1
62,wiecaeowfdkqh.net,13,1378,6,5,8,2,0,0,0.0,0.38461538461538464,0,0,0,3,1,1.0,1
63,nqhptoedrvaii.net,13,1406,7,5,8,2,0,0,0.0,0.38461538461538464,1,0,0,4,1,1.0,1
64,nmkqonnvtjjsg.org,13,1434,8,1,12,1,0,0,0.0,0.07692307692307693,0,0,0,2,1,1.0,1
65,betsehusemukt.ru,13,1417,5,5,8,5,0,0,0.0,0.38461538461538464,1,1,0,4,1,1.0,1
66,djjuybiemillx.ru,13,1404,6,4,9,3,0,0,0.0,0.3076923076923077,0,0,0,4,1,1.0,1
67,jsbgvixqsggj.ru,12,1305,7,1,11,1,0,0,0.0,0.08333333333333333,0,0,0,2,1,1.0,1
68,jkfvddpebegk.org,12,1255,6,2,10,2,0,0,0.0,0.16666666666666666,0,0,0,3,1,1.0,1
69,jmnqnimxsjajop.net,14,1529,8,3,11,3,0,0,0.0,0.21428571428571427,1,0,0,3,1,1.0,1
70,ofvapluwcusem.com,13,1425,6,5,8,5,0,0,0.0,0.38461538461538464,0,0,0,4,1,1.0,1
71,uwptfvogdwml.co.uk,12,1334,6,2,10,2,0,0,0.0,0.16666666666666666,0,0,0,3,1,1.0,1
72,xkvbnopybrutgg.biz,14,1548,8,2,12,3,0,0,0.0,0.14285714285714285,0,0,0,3,1,1.0,1
73,bufhioqgbrhddl.biz,14,1477,7,3,11,2,0,0,0.0,0.21428571428571427,0,0,0,3,1,1.0,1
74,kyiobqgsywuxnk.biz,14,1567,7,3,11,3,0,0,0.0,0.21428571428571427,0,0,0,3,1,1.0,1
75,cmoxqnowgdpsap.org,14,1531,6,3,11,3,0,0,0.0,0.21428571428571427,0,0,0,3,1,1.0,1
76,esfcxsflymgqddn.info,15,1618,7,1,14,2,0,0,0.0,0.06666666666666667,1,1,0,3,1,1.0,1
77,spwlrycdgchpp.ru,13,1418,8,0,13,1,0,0,0.0,0.0,0,0,0,3,1,1.0,1
78,kfewgluqqddcn.org,13,1392,7,2,11,2,0,0,0.0,0.15384615384615385,1,0,1,3,1,1.0,1
79,bafjmxfwknviy.co.uk,13,1414,7,2,11,2,0,0,0.0,0.15384615384615385,0,0,0,2,1,1.0,1
80,eugitshtvisu.co.uk,12,1332,6,5,7,4,0,0,0.0,0.4166666666666667,0,0,0,3,1,1.0,1
81,fsiculydmqfg.co.uk,12,1294,6,2,10,3,0,0,0.0,0.16666666666666666,0,0,0,3,1,1.0,1
82,kmbkhapvblob.ru,12,1267,5,2,10,2,0,0,0.0,0.16666666666666666,0,0,0,4,1,1.0,1
83,fboxyragtkdwq.org,13,1421,7,2,11,3,0,0,0.0,0.15384615384615385,2,1,0,3,1,1.0,1
84,thjphmjstqbqaw.info,14,1528,8,1,13,1,0,0,0.0,0.07142857142857142,0,0,0,2,1,1.0,1
85,dpmogjwmasdmg.org,13,1393,6,2,11,2,0,0,0.0,0.15384615384615385,0,0,0,3,1,1.0,1
86,spgyrepdjuxw.info,12,1340,6,2,10,3,0,0,0.0,0.16666666666666666,0,0,0,3,1,1.0,1
87,uirbpmxialum.ru,12,1311,5,5,7,3,0,0,0.0,0.4166666666666667,0,0,0,4,1,1.0,1
88,ewtwcomipmqtno.info,14,1550,7,4,10,4,0,0,0.0,0.2857142857142857,0,0,0,3,1,1.0,1
89,buhubvfjbsthdxk.com,15,1620,8,2,13,2,0,0,0.0,0.13333333333333333,0,0,0,3,1,1.0,1
90,muihqimabygrnf.info,14,1507,8,4,10,4,0,0,0.0,0.2857142857142857,1,0,0,2,1,1.0,1
91,unrxnrmiuufre.info,13,1450,6,5,8,2,0,0,0.0,0.38461538461538464,0,0,0,3,1,1.0,1
92,naejrdqrwvrwcb.org,14,1522,7,2,12,1,0,0,0.0,0.14285714285714285,0,0,0,3,1,1.0,1
93,fpeanswgfjjppml.org,15,1614,7,2,13,1,0,0,0.0,0.13333333333333333,0,0,0,3,1,1.0,1
94,bejscbjweydg.org,12,1267,6,2,10,2,0,0,0.0,0.16666666666666666,0,0,0,3,1,1.0,1
95,lxvmjcyxsuvkehu.biz,15,1680,8,3,12,4,0,0,0.0,0.2,0,0,0,3,1,1.0,1
96,fybeebvhciquq.info,13,1390,7,4,9,4,0,0,0.0,0.3076923076923077,0,0,0,2,1,1.0,1
97,mrsulbdsygjrfkb.com,15,1627,7,1,14,2,0,0,0.0,0.06666666666666667,0,0,0,3,1,1.0,1
98,prrwheqnqoiap.ru,13,1425,8,4,9,2,0,0,0.0,0.3076923076923077,0,0,0,2,1,1.0,1
99,ccotfgqcqmoifsj.com,15,1603,8,3,12,2,0,0,0.0,0.2,1,0,0,3,1,1.0,1
100,jhemmnppococqq.org,14,1509,7,3,11,3,0,0,0.0,0.21428571428571427,0,0,0,4,1,1.0,1
101,vuaqtcpxqhdlg.org,13,1420,7,2,11,1,0,0,0.0,0.15384615384615385,1,0,0,3,1,1.0,1
102,dqjhmlaeraibiqv.co.uk,15,1588,8,5,10,3,0,0,0.0,0.3333333333333333,0,0,0,3,1,1.0,1
103,aqmhrlpdlywcii.info,14,1514,8,3,11,3,0,0,0.0,0.21428571428571427,1,0,0,2,1,1.0,1
104,pbygdhgxqjtpm.info,13,1417,8,0,13,1,0,0,0.0,0.0,0,0,0,2,1,1.0,1
105,acqnegrkeblouwa.ru,15,1595,6,6,9,5,0,0,0.0,0.4,0,0,0,3,2,1.0,1
106,ortbwcaoirkra.co.uk,13,1402,6,5,8,3,0,0,0.0,0.38461538461538464,0,0,0,3,1,1.0,1
107,lmclldcdprsbou.info,14,1498,5,2,12,1,0,0,0.0,0.14285714285714285,0,0,0,3,2,1.0,1
108,tnlpifcbeqhi.ru,12,1273,6,3,9,3,0,0,0.0,0.25,1,0,0,3,1,1.0,1
109,vpdjmjxyxidru.ru,13,1448,7,2,11,3,0,0,0.0,0.15384615384615385,0,0,0,2,1,1.0,1
110,cfojwruxfqequiq.com,15,1652,8,5,10,4,0,0,0.0,0.3333333333333333,0,0,0,3,1,1.0,1
111,bhatiamklvfxjfd.biz,15,1589,6,3,12,2,0,0,0.0,0.2,0,0,0,4,2,1.0,1
112,jdhncylqtbrj.net,12,1295,7,0,12,1,0,0,0.0,0.0,0,0,0,2,1,1.0,1
113,ndwikuklcewvxv.net,14,1548,7,3,11,3,0,0,0.0,0.21428571428571427,0,0,0,3,1,1.0,1
114,pdspkjoktejyxa.info,14,1531,8,3,11,4,0,0,0.0,0.21428571428571427,1,0,0,3,1,1.0,1
115,pkxbxnhdvqlymto.net,15,1667,9,1,14,2,0,0,0.0,0.06666666666666667,0,0,0,2,1,1.0,1
116,ldbyntuygqdrt.ru,13,1437,6,1,12,2,0,0,0.0,0.07692307692307693,0,0,0,3,2,1.0,1
117,fujauisqfyarv.co.uk,13,1424,8,5,8,3,0,0,0.0,0.38461538461538464,0,0,0,3,1,1.0,1
118,vdopngoqwfheqt.org,14,1533,8,3,11,3,0,0,0.0,0.21428571428571427,0,0,0,3,1,1.0,1
119,swpjxwgtkkpsh.co.uk,13,1455,6,0,13,0,0,0,0.0,0.0,0,0,0,3,1,1.0,1
120,lwdlbebcgjcldb.info,14,1445,7,1,13,1,0,0,0.0,0.07142857142857142,0,0,0,3,1,1.0,1
121,niycadavslrst.co.uk,13,1415,6,3,10,3,0,0,0.0,0.23076923076923078,0,0,0,4,1,1.0,1
122,vikieqjsvpysoqb.ru,15,1658,8,4,11,4,0,0,0.0,0.26666666666666666,0,0,0,3,1,1.0,1
123,fbcarrrvlcttmx.info,14,1524,6,1,13,1,0,0,0.0,0.07142857142857142,1,0,0,3,1,1.0,1
124,qvbripasnapt.com,12,1307,5,3,9,3,0,0,0.0,0.25,0,0,0,4,1,1.0,1
125,xgkrmybbgpot.biz,12,1312,6,1,11,2,0,0,0.0,0.08333333333333333,1,1,0,3,1,1.0,1
126,yehtthwvwmvp.net,12,1357,5,1,11,1,0,0,0.0,0.08333333333333333,0,0,0,3,1,1.0,1
127,evyvtxivqbowit.biz,14,1579,7,4,10,5,0,0,0.0,0.2857142857142857,1,0,0,3,1,1.0,1
128,hxjodjydslnk.info,12,1308,6,1,11,2,0,0,0.0,0.08333333333333333,0,0,0,3,1,1.0,1
129,jxwupwacgjvesvb.com,15,1648,7,3,12,3,0,0,0.0,0.2,0,0,0,3,1,1.0,1
130,jjoengjneifpedv.ru,15,1592,8,5,10,3,0,0,0.0,0.3333333333333333,1,0,0,3,1,1.0,1
131,murdvxymwyiy.net,12,1374,6,2,10,3,0,0,0.0,0.16666666666666666,0,0,0,3,1,1.0,1
132,rkvmfyyjhdblj.biz,13,1414,7,0,13,1,0,0,0.0,0.0,0,0,0,2,1,1.0,1
133,bpivfiuvwiafwfe.info,15,1620,8,6,9,3,0,0,0.0,0.4,1,0,0,3,1,1.0,1
134,scpsrynbdhir.org,12,1307,6,1,11,2,0,0,0.0,0.08333333333333333,0,0,0,3,1,1.0,1
135,hpcubgswcpkoc.net,13,1395,6,2,11,2,0,0,0.0,0.15384615384615385,0,0,0,3,1,1.0,1
136,phbltgcjuplymgb.co.uk,15,1614,7,1,14,2,0,0,0.0,0.06666666666666667,0,0,0,4,1,1.0,1
137,vpxdxofxrcby.co.uk,12,1335,7,1,11,2,0,0,0.0,0.08333333333333333,0,0,0,2,1,1.0,1
138,nsbfsgqroxjqn.info,13,1430,7,1,12,1,0,0,0.0,0.07692307692307693,0,0,0,3,1,1.0,1
139,iulibiwyfxpwah.org,14,1532,7,5,9,5,0,0,0.0,0.35714285714285715,0,0,0,3,1,1.0,1
140,oqxhaccsagjcn.co.uk,13,1373,6,3,10,3,0,0,0.0,0.23076923076923078,0,0,0,3,1,1.0,1
141,mexnodhayqil.net,12,1299,5,4,8,4,0,0,0.0,0.3333333333333333,0,0,0,3,1,1.0,1
142,hxgraxymeilrox.com,14,1547,6,4,10,4,0,0,0.0,0.2857142857142857,0,0,0,3,2,1.0,1
143,rfqmxamlmwdhlxu.net,15,1649,8,2,13,2,0,0,0.0,0.13333333333333333,1,0,0,3,1,1.0,1
144,xikrfqxuocuecap.biz,15,1634,8,6,9,4,0,0,0.0,0.4,1,1,0,3,1,1.0,1
145,ysexwjnwwqwfdx.com,14,1584,9,1,13,2,0,0,0.0,0.07142857142857142,1,1,0,3,1,1.0,1
146,vqovrgqveica.info,12,1310,6,4,8,3,0,0,0.0,0.3333333333333333,0,0,0,4,1,1.0,1
147,phvrbhemonkcwdo.co.uk,15,1617,7,3,12,3,0,0,0.0,0.2,0,0,0,4,1,1.0,1
148,qjnkygarmvxofjb.ru,15,1635,8,2,13,3,0,0,0.0,0.13333333333333333,0,0,0,4,1,1.0,1
149,jnwcahdhyhfvyr.net,14,1519,7,1,13,3,0,0,0.0,0.07142857142857142,0,0,0,3,1,1.0,1
150,hnblgltxkgvjra.biz,14,1512,8,1,13,1,0,0,0.0,0.07142857142857142,1,0,0,3,1,1.0,1
151,ccghmpjavpfu.co.uk,12,1278,6,2,10,2,0,0,0.0,0.16666666666666666,1,0,0,3,1,1.0,1
152,cpiioctxxmrmq.co.uk,13,1432,7,3,10,1,0,0,0.0,0.23076923076923078,0,0,0,3,1,1.0,1
153,hprplyrraslcfd.org,14,1520,6,1,13,2,0,0,0.0,0.07142857142857142,0,0,0,3,1,1.0,1
154,adpddwjxmvgfo.com,13,1397,7,2,11,2,0,0,0.0,0.15384615384615385,0,0,0,3,1,1.0,1
155,ihjkksklckfar.net,13,1378,6,2,11,2,0,0,0.0,0.15384615384615385,0,0,0,4,1,1.0,1
156,niccylfclhqdwgd.net,15,1590,7,1,14,2,0,0,0.0,0.06666666666666667,0,0,0,3,1,1.0,1
157,akppqrkgqvsnorj.biz,15,1652,8,2,13,2,0,0,0.0,0.13333333333333333,1,0,0,3,1,1.0,1
158,itmyhhnxfyhhsop.co.uk,15,1658,7,2,13,4,0,0,0.0,0.13333333333333333,1,0,0,3,1,1.0,1
159,cmtadrxqcvvojg.co.uk,14,1523,7,2,12,2,0,0,0.0,0.14285714285714285,0,0,0,3,1,1.0,1
160,dgvjwghtkluvff.net,14,1523,8,1,13,1,0,0,0.0,0.07142857142857142,0,0,0,3,1,1.0,1
161,pojmatmdnjbx.info,12,1294,5,2,10,2,0,0,0.0,0.16666666666666666,0,0,0,3,2,1.0,1
162,choqqpwhqvapunj.co.uk,15,1648,7,3,12,3,0,0,0.0,0.2,0,0,0,3,1,1.0,1
163,sjjrqlgmrutye.com,13,1443,6,2,11,2,0,0,0.0,0.15384615384615385,0,0,0,3,2,1.0,1
164,plosnpypoeni.biz,12,1328,5,4,8,4,0,0,0.0,0.3333333333333333,0,0,0,3,1,1.0,1
165,cpjnfxxbowvog.ru,13,1429,6,2,11,2,0,0,0.0,0.15384615384615385,0,0,0,3,1,1.0,1
166,yhaslkmbgyjf.com,12,1291,7,1,11,3,0,0,0.0,0.08333333333333333,0,0,0,3,1,1.0,1
167,aiklojgtnofnul.net,14,1511,6,5,9,4,0,0,0.0,0.35714285714285715,0,0,0,3,2,1.0,1
168,flhedtihrfkjhjk.co.uk,15,1586,8,2,13,2,0,0,0.0,0.13333333333333333,0,0,0,3,1,1.0,1
169,mlaenmpihyesn.ru,13,1402,6,4,9,3,0,0,0.0,0.3076923076923077,0,0,0,3,1,1.0,1
170,tkbnvnptctge.org,12,1306,6,1,11,1,0,0,0.0,0.08333333333333333,0,0,0,3,1,1.0,1
171,xiovnwytyycu.com,12,1378,7,3,9,4,0,0,0.0,0.25,0,0,0,2,1,1.0,1
172,bxviqdxdovksu.info,13,1442,7,3,10,3,0,0,0.0,0.23076923076923078,0,0,0,3,1,1.0,1
173,oumujofyirclm.biz,13,1429,7,5,8,4,0,0,0.0,0.38461538461538464,0,0,0,3,1,1.0,1
174,sxmdsefmyyfyf.ru,13,1438,7,1,12,3,0,0,0.0,0.07692307692307693,0,0,0,3,1,1.0,1
175,ostuetovqvwp.net,12,1367,6,4,8,3,0,0,0.0,0.3333333333333333,0,0,0,3,1,1.0,1
176,vamueaavbsfem.com,13,1379,7,6,7,3,0,0,0.0,0.46153846153846156,1,0,0,3,1,1.0,1
177,droeyodifvkcrf.com,14,1505,7,4,10,2,0,0,0.0,0.2857142857142857,0,0,0,3,1,1.0,1
178,qugehxovylmef.net,13,1428,7,4,9,5,0,0,0.0,0.3076923076923077,0,0,0,2,1,1.0,1
179,xvfgtbsswgpjgu.org,14,1547,7,1,13,1,0,0,0.0,0.07142857142857142,0,0,0,3,1,1.0,1
180,vhurcmakeukcc.com,13,1388,5,4,9,3,0,0,0.0,0.3076923076923077,1,1,0,4,2,1.0,1
181,rvefjvtggxfn.co.uk,12,1313,7,1,11,1,0,0,0.0,0.08333333333333333,0,0,0,2,1,1.0,1
182,kigugjcnpsawnh.net,14,1507,7,3,11,3,0,0,0.0,0.21428571428571427,0,0,0,3,1,1.0,1
183,lryrdqyveampv.co.uk,13,1446,8,2,11,3,0,0,0.0,0.15384615384615385,1,0,0,3,1,1.0,1
184,qcmtcibwcqmy.info,12,1300,6,1,11,2,0,0,0.0,0.08333333333333333,0,0,0,3,1,1.0,1
185,wnpaovdceqhu.co.uk,12,1301,6,4,8,3,0,0,0.0,0.3333333333333333,0,0,0,3,1,1.0,1
186,ajtvtkxuhhwjgyv.biz,15,1672,10,2,13,3,0,0,0.0,0.13333333333333333,1,0,0,3,1,1.0,1
187,xpsctfxqibgak.net,13,1407,6,2,11,2,0,0,0.0,0.15384615384615385,0,0,0,3,1,1.0,1
188,yumbeyjaemrbjh.ru,14,1502,6,4,10,3,0,0,0.0,0.2857142857142857,0,0,0,3,1,1.0,1
189,qxvxersgityjco.info,14,1562,8,3,11,4,0,0,0.0,0.21428571428571427,1,0,0,3,1,1.0,1
190,ltljvxkeasqi.co.uk,12,1314,7,3,9,2,0,0,0.0,0.25,0,0,0,3,1,1.0,1
191,nxsqggneosadq.com,13,1411,6,3,10,2,0,0,0.0,0.23076923076923078,1,0,1,3,1,1.0,1
192,evcnbckqlbthgqn.biz,15,1597,7,1,14,1,0,0,0.0,0.06666666666666667,0,0,0,4,1,1.0,1
193,vafwayfjansbd.net,13,1382,6,3,10,3,0,0,0.0,0.23076923076923078,1,0,0,3,1,1.0,1
194,xbgcmgyvwhvbuuv.info,15,1662,7,2,13,2,0,0,0.0,0.13333333333333333,0,0,0,4,1,1.0,1
195,ywpdorqisvyiki.biz,14,1566,7,4,10,5,0,0,0.0,0.2857142857142857,0,0,0,3,1,1.0,1
196,dauipdxsgvkq.net,12,1307,8,3,9,1,0,0,0.0,0.25,0,0,0,2,1,1.0,1
197,rohvgjdmpsxltpy.biz,15,1669,7,1,14,2,0,0,0.0,0.06666666666666667,0,0,0,3,1,1.0,1
198,kospcsxahqifajo.ru,15,1614,8,5,10,5,0,0,0.0,0.3333333333333333,3,0,0,3,1,1.0,1
199,mqcmqfiqbdru.org,12,1292,8,2,10,2,0,0,0.0,0.16666666666666666,0,0,0,2,1,1.0,1
200,veceexkdffmtdf.com,14,1478,7,3,11,2,0,0,0.0,0.21428571428571427,0,0,0,3,1,1.0,1
201,tgkkownafcckl.co.uk,13,1385,6,2,11,2,0,0,0.0,0.15384615384615385,1,0,0,3,1,1.0,1
202,cbluplvaruogh.net,13,1406,7,4,9,3,0,0,0.0,0.3076923076923077,0,0,0,3,1,1.0,1
203,dndqcntigwdlswn.biz,15,1627,7,1,14,1,0,0,0.0,0.06666666666666667,0,0,0,3,1,1.0,1
204,rfvgqlbveeofbck.net,15,1593,8,3,12,1,0,0,0.0,0.2,0,0,0,3,1,1.0,1
205,rawrmqcbywfaeqq.org,15,1629,8,3,12,3,0,0,0.0,0.2,1,0,1,3,1,1.0,1
206,iacjsvxkhojvxxk.ru,15,1653,9,3,12,2,0,0,0.0,0.2,0,0,0,3,1,1.0,1
207,nssnplfkwamjkut.com,15,1650,6,2,13,2,0,0,0.0,0.13333333333333333,0,0,0,3,2,1.0,1
208,kqsowqxjsbpsuxs.ru,15,1696,8,2,13,2,0,0,0.0,0.13333333333333333,0,0,0,3,1,1.0,1
209,knimfepvkecw.biz,12,1290,6,3,9,3,0,0,0.0,0.25,0,0,0,3,1,1.0,1
210,gueggmsnutuuqws.net,15,1675,6,5,10,3,0,0,0.0,0.3333333333333333,1,1,0,3,2,1.0,1
211,vwyusriouswyqb.info,14,1603,6,4,10,3,0,0,0.0,0.2857142857142857,0,0,0,4,1,1.0,1
212,amkvcyyommxkme.com,14,1538,7,3,11,2,0,0,0.0,0.21428571428571427,0,0,0,3,1,1.0,1
213,psbyaufwggce.biz,12,1287,4,3,9,1,0,0,0.0,0.25,0,0,0,3,3,1.0,1
214,yckwqsiqrtrfk.biz,13,1445,7,1,12,2,0,0,0.0,0.07692307692307693,0,0,0,3,1,1.0,1
215,awiingegrksm.ru,12,1288,6,4,8,3,0,0,0.0,0.3333333333333333,1,0,0,4,1,1.0,1
216,ocfjsjertlehetm.com,15,1609,7,4,11,4,0,0,0.0,0.26666666666666666,0,0,0,3,1,1.0,1
217,xxveisebnile.co.uk,12,1302,5,5,7,3,0,0,0.0,0.4166666666666667,0,0,0,4,1,1.0,1
218,mufohdhuquxds.ru,13,1429,6,4,9,4,0,0,0.0,0.3076923076923077,0,0,0,3,1,1.0,1
219,urghfnqlsyexd.org,13,1428,6,2,11,2,0,0,0.0,0.15384615384615385,0,0,0,3,1,1.0,1
220,dyqjmlunkesl.biz,12,1315,7,2,10,3,0,0,0.0,0.16666666666666666,0,0,0,3,1,1.0,1
221,dkjiywsgrlgu.info,12,1318,6,2,10,2,0,0,0.0,0.16666666666666666,0,0,0,3,1,1.0,1
222,peprumtjxalf.com,12,1314,5,3,9,3,0,0,0.0,0.25,0,0,0,3,1,1.0,1
223,klcnfexgwrngnt.org,14,1522,7,1,13,1,0,0,0.0,0.07142857142857142,0,0,0,3,1,1.0,1
224,jsuntbtgylclyw.com,14,1557,7,1,13,3,0,0,0.0,0.07142857142857142,0,0,0,4,1,1.0,1
225,bnqcgfwaetibw.net,13,1380,6,3,10,2,0,0,0.0,0.23076923076923078,0,0,0,3,1,1.0,1
226,xjaddhpwjkycdy.biz,14,1512,8,1,13,3,0,0,0.0,0.07142857142857142,0,0,0,3,1,1.0,1
227,dppxrnphdbvs.ru,12,1315,6,0,12,0,0,0,0.0,0.0,0,0,0,3,1,1.0,1
228,imjtoinpajhmosa.biz,15,1613,9,6,9,5,0,0,0.0,0.4,1,0,0,3,1,1.0,1
229,ruihyotemonv.co.uk,12,1337,5,5,7,4,0,0,0.0,0.4166666666666667,0,0,0,3,1,1.0,1
230,ivkhygoxfmbqk.co.uk,13,1418,7,2,11,3,0,0,0.0,0.15384615384615385,1,1,1,3,1,1.0,1
231,ofuiqiiynupnaia.ru,15,1627,7,9,6,5,0,0,0.0,0.6,0,0,0,4,1,1.0,1
232,yfqyjtstsfrdwa.co.uk,14,1557,8,1,13,3,0,0,0.0,0.07142857142857142,1,0,0,3,1,1.0,1
233,powlwxktdptav.ru,13,1455,7,2,11,2,0,0,0.0,0.15384615384615385,0,0,0,3,1,1.0,1
234,oqmkslocwqeh.com,12,1310,6,3,9,3,0,0,0.0,0.25,0,0,0,3,1,1.0,1
235,mlxtpbjkfaryi.info,13,1415,6,2,11,2,0,0,0.0,0.15384615384615385,0,0,0,3,1,1.0,1
236,pcfsdtfwjhcimf.info,14,1490,7,1,13,1,0,0,0.0,0.07142857142857142,0,0,0,3,1,1.0,1
237,gcqcjqwffpml.info,12,1285,7,0,12,0,0,0,0.0,0.0,0,0,0,3,1,1.0,1
238,xmofijwybfsolu.net,14,1544,7,4,10,5,0,0,0.0,0.2857142857142857,0,0,0,2,2,1.0,1
239,nwmgsqsonaynmrw.info,15,1675,7,2,13,2,0,0,0.0,0.13333333333333333,1,0,0,3,1,1.0,1
240,kxwepbwwqdmcxsq.info,15,1664,9,1,14,1,0,0,0.0,0.06666666666666667,0,0,0,2,1,1.0,1
241,wmlpaoylfeyf.net,12,1311,5,3,9,2,0,0,0.0,0.25,0,0,0,3,1,1.0,1
242,cieomwhwfwjht.co.uk,13,1414,7,3,10,1,0,0,0.0,0.23076923076923078,0,0,0,3,1,1.0,1
243,rjuvnwjltswrih.com,14,1571,7,2,12,2,0,0,0.0,0.14285714285714285,0,0,0,3,1,1.0,1
244,qjilfrucwocphda.biz,15,1606,7,4,11,4,0,0,0.0,0.26666666666666666,1,0,0,3,1,1.0,1
245,cfoyofcfldtw.biz,12,1290,6,2,10,1,0,0,0.0,0.16666666666666666,0,0,0,3,1,1.0,1
246,qrexfgxjmwkcdf.info,14,1515,7,1,13,1,0,0,0.0,0.07142857142857142,0,0,0,3,1,1.0,1
247,lkepexdparnpt.biz,13,1410,5,3,10,3,0,0,0.0,0.23076923076923078,0,0,0,3,2,1.0,1
248,trwyjqvotyvvov.ru,14,1620,9,2,12,4,0,0,0.0,0.14285714285714285,0,0,0,3,1,1.0,1
249,sisomhbxwuuvu.net,13,1465,7,5,8,4,0,0,0.0,0.38461538461538464,0,0,0,3,1,1.0,1
250,hecfbxumkdgeio.ru,14,1477,6,5,9,3,0,0,0.0,0.35714285714285715,0,0,0,3,1,1.0,1
251,rbgtfhhwjwtfeh.ru,14,1508,8,1,13,1,0,0,0.0,0.07142857142857142,0,0,0,3,1,1.0,1
252,vsjxyyglkvbgga.biz,14,1538,7,1,13,2,0,0,0.0,0.07142857142857142,0,0,0,2,2,1.0,1
253,bnglcsjgnlfsi.biz,13,1382,6,1,12,1,0,0,0.0,0.07692307692307693,0,0,0,3,1,1.0,1
254,rnshnbamqjidobb.org,15,1588,8,3,12,3,0,0,0.0,0.2,0,0,0,3,1,1.0,1
255,ohebsgtcdyjn.com,12,1284,6,2,10,3,0,0,0.0,0.16666666666666666,0,0,0,3,1,1.0,1
256,ojxuqpquldepoy.org,14,1562,7,5,9,5,0,0,0.0,0.35714285714285715,0,0,0,3,1,1.0,1
257,kielgbhhfbrm.org,12,1253,5,2,10,1,0,0,0.0,0.16666666666666666,0,0,0,4,1,1.0,1
258,pfxjsjmyovvcc.com,13,1436,7,1,12,1,0,0,0.0,0.07692307692307693,0,0,0,2,1,1.0,1
259,yiiipdwvueajk.com,13,1413,7,6,7,2,0,0,0.0,0.46153846153846156,1,0,0,3,1,1.0,1
260,jlydphnuxctelfv.org,15,1642,7,2,13,3,0,0,0.0,0.13333333333333333,0,0,0,3,1,1.0,1
261,yjcseuxfpfyicm.info,14,1529,6,3,11,3,0,0,0.0,0.21428571428571427,0,0,0,3,2,1.0,1
262,fyujvswinoevjhf.co.uk,15,1655,7,4,11,3,0,0,0.0,0.26666666666666666,0,0,0,4,1,1.0,1
263,cntbohjtiuke.net,12,1290,5,4,8,2,0,0,0.0,0.3333333333333333,0,0,0,3,1,1.0,1
264,algenxuskmokgl.org,14,1516,6,4,10,4,0,0,0.0,0.2857142857142857,0,0,0,3,1,1.0,1
265,yjborgydlevsr.com,13,1430,5,2,11,4,0,0,0.0,0.15384615384615385,0,0,0,4,2,1.0,1
266,jymhvnuvvxkv.com,12,1366,8,1,11,2,0,0,0.0,0.08333333333333333,0,0,0,2,1,1.0,1
267,jagpkrctyibj.biz,12,1284,5,2,10,2,0,0,0.0,0.16666666666666666,0,0,0,3,2,1.0,1
268,rlmpjpwsmhbcr.net,13,1419,7,0,13,0,0,0,0.0,0.0,0,0,0,3,1,1.0,1
269,yigsanteckjpfc.info,14,1493,6,3,11,3,0,0,0.0,0.21428571428571427,0,0,0,4,1,1.0,1
270,skxrmvmcloggdve.co.uk,15,1635,7,2,13,1,0,0,0.0,0.13333333333333333,0,0,0,4,1,1.0,1
271,hmhhssrhvsum.net,12,1328,6,1,11,1,0,0,0.0,0.08333333333333333,0,0,0,3,1,1.0,1
272,jqvlqteyunipx.biz,13,1460,7,3,10,2,0,0,0.0,0.23076923076923078,0,0,0,3,1,1.0,1
273,oxtyrfmvaneyx.co.uk,13,1460,6,3,10,4,0,0,0.0,0.23076923076923078,0,0,0,4,1,1.0,1
274,ohbtxrhcyqfb.org,12,1300,7,1,11,2,0,0,0.0,0.08333333333333333,0,0,0,2,1,1.0,1
275,hiyxgyifgobyqwy.com,15,1667,9,3,12,5,0,0,0.0,0.2,2,1,1,2,1,1.0,1
276,arnvsjjsjttkc.biz,13,1425,6,1,12,1,0,0,0.0,0.07692307692307693,0,0,0,3,2,1.0,1
277,ypvbylfjxwsl.com,12,1348,7,0,12,2,0,0,0.0,0.0,0,0,0,2,1,1.0,1
278,cbkpycgefpkio.ru,13,1377,5,3,10,3,0,0,0.0,0.23076923076923078,0,0,0,3,2,1.0,1
279,tejrnaemxhwiqk.info,14,1522,8,4,10,3,0,0,0.0,0.2857142857142857,0,0,0,3,1,1.0,1
280,kkcvettvvoav.ru,12,1326,6,3,9,2,0,0,0.0,0.25,0,0,0,3,1,1.0,1
281,dnfxfkuxvihf.org,12,1307,6,2,10,2,0,0,0.0,0.16666666666666666,0,0,0,3,1,1.0,1
282,knxniymtbicbxh.info,14,1522,7,2,12,2,0,0,0.0,0.14285714285714285,0,0,0,3,1,1.0,1
283,mlhouaxvhrgfsjv.net,15,1646,8,3,12,1,0,0,0.0,0.2,1,0,0,3,1,1.0,1
284,enhirdieuajliu.com,14,1490,7,8,6,4,0,0,0.0,0.5714285714285714,1,0,0,4,1,1.0,1
285,kvctkbrmyghu.info,12,1313,6,1,11,2,0,0,0.0,0.08333333333333333,0,0,0,3,1,1.0,1
286,csllbkqgdpauvq.info,14,1508,8,2,12,1,0,0,0.0,0.14285714285714285,1,0,0,3,1,1.0,1
287,bldgihugjetaop.ru,14,1481,7,5,9,4,0,0,0.0,0.35714285714285715,1,0,0,3,1,1.0,1
288,doxehpqfssyt.org,12,1330,7,2,10,3,0,0,0.0,0.16666666666666666,0,0,0,2,1,1.0,1
289,vfqiunptvmyqfn.net,14,1566,8,2,12,2,0,0,0.0,0.14285714285714285,0,0,0,2,1,1.0,1
290,mstkdiplcbeqtv.biz,14,1517,6,2,12,2,0,0,0.0,0.14285714285714285,0,0,0,4,1,1.0,1
291,uvhqegipdrjimi.co.uk,14,1512,6,5,9,5,0,0,0.0,0.35714285714285715,0,0,0,4,2,1.0,1
292,fqfxjufmiktl.co.uk,12,1307,7,2,10,2,0,0,0.0,0.16666666666666666,0,0,0,3,1,1.0,1
293,unorjyrlcgvtfo.com,14,1550,7,3,11,4,0,0,0.0,0.21428571428571427,0,0,0,3,1,1.0,1
294,vvrsvcgkswnpkt.net,14,1571,7,0,14,0,0,0,0.0,0.0,0,0,0,3,1,1.0,1
295,dllocktgwnmew.org,13,1410,6,2,11,2,0,0,0.0,0.15384615384615385,1,1,0,4,1,1.0,1
296,etktcjvgegnhg.org,13,1387,7,2,11,2,0,0,0.0,0.15384615384615385,0,0,0,2,1,1.0,1
297,tkedthejovap.net,12,1289,6,4,8,4,0,0,0.0,0.3333333333333333,0,0,0,3,1,1.0,1
298,jresghtvsoowhm.info,14,1546,7,3,11,2,0,0,0.0,0.21428571428571427,0,0,0,3,1,1.0,1
299,ucyqxpidnhoxj.biz,13,1438,7,3,10,4,0,0,0.0,0.23076923076923078,0,0,0,3,1,1.0,1
300,ffamnduiexpyr.ru,13,1410,5,4,9,3,0,0,0.0,0.3076923076923077,0,0,0,3,2,1.0,1
301,lrodgbgeustemhu.org,15,1617,7,5,10,4,0,0,0.0,0.3333333333333333,0,0,0,4,1,1.0,1
302,tnlyapbrgqoxgu.com,14,1543,7,3,11,3,0,0,0.0,0.21428571428571427,0,0,0,3,1,1.0,1
303,wcuhsmduljvldvb.org,15,1636,7,2,13,2,0,0,0.0,0.13333333333333333,0,0,0,3,1,1.0,1
304,tfooxviqrfhcm.co.uk,13,1424,6,3,10,2,0,0,0.0,0.23076923076923078,0,0,0,3,1,1.0,1
305,ghsjfijmicbbhlh.com,15,1566,8,2,13,2,0,0,0.0,0.13333333333333333,0,0,0,3,1,1.0,1
306,egojlhmgmvyd.ru,12,1293,6,2,10,3,0,0,0.0,0.16666666666666666,0,0,0,3,1,1.0,1
307,maxwdvimjnnuv.co.uk,13,1438,6,3,10,3,0,0,0.0,0.23076923076923078,0,0,0,3,1,1.0,1
308,vspdquydxcqflby.ru,15,1657,7,1,14,2,0,0,0.0,0.06666666666666667,0,0,0,3,1,1.0,1
309,dvqumiujhpovq.biz,13,1443,7,4,9,3,0,0,0.0,0.3076923076923077,0,0,0,3,1,1.0,1
310,lycithtnccdox.org,13,1408,6,2,11,3,0,0,0.0,0.15384615384615385,1,0,0,3,1,1.0,1
311,yyqpdpjqbjbq.com,12,1313,7,0,12,1,0,0,0.0,0.0,0,0,0,3,1,1.0,1
312,ayiecgepsegsya.com,14,1491,6,6,8,4,0,0,0.0,0.42857142857142855,1,0,0,4,1,1.0,1
313,abkmknimlwrtdhe.ru,15,1604,7,3,12,2,0,0,0.0,0.2,0,0,0,3,1,1.0,1
314,vvjsmvnpkebn.ru,12,1322,7,1,11,1,0,0,0.0,0.08333333333333333,0,0,0,3,1,1.0,1
315,ranmxeecflyvr.co.uk,13,1414,5,3,10,3,0,0,0.0,0.23076923076923078,1,1,0,3,2,1.0,1
316,cikknwjsakvtkfn.co.uk,15,1625,7,2,13,2,0,0,0.0,0.13333333333333333,0,0,0,3,1,1.0,1
317,dieerklchvawepy.co.uk,15,1607,7,5,10,4,0,0,0.0,0.3333333333333333,0,0,0,3,2,1.0,1
318,ogfvnkdmfpsy.org,12,1310,6,1,11,2,0,0,0.0,0.08333333333333333,0,0,0,3,1,1.0,1
319,wegvjknajkxmgw.ru,14,1525,7,2,12,2,0,0,0.0,0.14285714285714285,1,0,0,3,1,1.0,1
320,ulirpnacocxb.biz,12,1290,5,4,8,4,0,0,0.0,0.3333333333333333,0,0,0,4,1,1.0,1
321,ncvndcriogcxfs.ru,14,1505,7,2,12,1,0,0,0.0,0.14285714285714285,0,0,0,3,1,1.0,1
322,owlrlsrpgribf.co.uk,13,1423,5,2,11,2,0,0,0.0,0.15384615384615385,0,0,0,3,2,1.0,1
323,yfjdmvihpwnghu.info,14,1530,8,2,12,3,0,0,0.0,0.14285714285714285,0,0,0,3,1,1.0,1
324,urvqsylbhoyseps.org,15,1683,8,3,12,4,0,0,0.0,0.2,0,0,0,3,1,1.0,1
325,yrjoyxefjjln.ru,12,1326,5,2,10,3,0,0,0.0,0.16666666666666666,0,0,0,3,2,1.0,1
326,bochstkcbauui.biz,13,1383,5,5,8,2,0,0,0.0,0.38461538461538464,0,0,0,3,2,1.0,1
327,huruwyqwtypw.org,12,1392,7,2,10,4,0,0,0.0,0.16666666666666666,0,0,0,3,1,1.0,1
328,gierwrgxgfpi.biz,12,1301,5,3,9,2,0,0,0.0,0.25,0,0,0,4,2,1.0,1
329,mnetfyobqievna.ru,14,1512,5,5,9,4,0,0,0.0,0.35714285714285715,0,0,0,4,2,1.0,1
330,ijvmunskiylcki.biz,14,1532,7,4,10,4,0,0,0.0,0.2857142857142857,0,0,0,3,1,1.0,1
331,nkefavreyxnljgp.biz,15,1630,7,3,12,3,0,0,0.0,0.2,0,0,0,5,1,1.0,1
332,nqcybfaoowvxo.com,13,1430,7,4,9,3,0,0,0.0,0.3076923076923077,0,0,0,3,1,1.0,1
333,rxpuekcfhfoaye.org,14,1508,7,5,9,2,0,0,0.0,0.35714285714285715,0,0,0,3,1,1.0,1
334,aagfkqdmwfscpc.net,14,1474,7,2,12,1,0,0,0.0,0.14285714285714285,1,0,0,3,1,1.0,1
335,qkqxksrvygmsme.com,14,1565,9,1,13,1,0,0,0.0,0.07142857142857142,0,0,0,2,1,1.0,1
336,swdohanyhiladf.com,14,1493,5,4,10,5,0,0,0.0,0.2857142857142857,0,0,0,3,2,1.0,1
337,esivcyvsexdo.info,12,1324,6,4,8,5,0,0,0.0,0.3333333333333333,1,1,0,3,1,1.0,1
338,pydxtpsbgaqeh.biz,13,1412,7,2,11,3,0,0,0.0,0.15384615384615385,1,0,0,3,1,1.0,1
339,pnsiaxudiimsabd.co.uk,15,1605,7,6,9,4,0,0,0.0,0.4,1,0,0,3,1,1.0,1
340,xupyjoisgnqwxu.org,14,1589,8,4,10,4,0,0,0.0,0.2857142857142857,0,0,0,3,1,1.0,1
341,wsnwruestsflsfk.net,15,1675,6,2,13,1,0,0,0.0,0.13333333333333333,0,0,0,3,2,1.0,1
342,uyexsqcpnmtrqx.biz,14,1580,7,2,12,1,0,0,0.0,0.14285714285714285,0,0,0,3,1,1.0,1
343,ntwypgsbwbfai.info,13,1415,6,2,11,2,0,0,0.0,0.15384615384615385,0,0,0,3,2,1.0,1
344,nrknqckxgqjaep.com,14,1512,8,2,12,1,0,0,0.0,0.14285714285714285,0,0,0,3,1,1.0,1
345,yilxqbvnptqqns.co.uk,14,1572,8,1,13,1,0,0,0.0,0.07142857142857142,0,0,0,3,1,1.0,1
346,uqtraxuvqrmpie.ru,14,1566,7,5,9,4,0,0,0.0,0.35714285714285715,1,0,0,4,1,1.0,1
347,nprkdpkaicucapx.ru,15,1608,7,4,11,3,0,0,0.0,0.26666666666666666,1,1,0,3,1,1.0,1
348,uyvmcnxnjnfow.com,13,1452,8,2,11,2,0,0,0.0,0.15384615384615385,0,0,0,2,1,1.0,1
349,xeogrhxquuubt.info,13,1451,7,5,8,2,0,0,0.0,0.38461538461538464,0,0,0,3,1,1.0,1
350,xsohsqxuctlqyn.co.uk,14,1582,8,2,12,3,0,0,0.0,0.14285714285714285,0,0,0,2,1,1.0,1
351,koemjefegtef.biz,12,1260,5,5,7,4,0,0,0.0,0.4166666666666667,0,0,0,3,2,1.0,1
352,vtfvjfdywswgxb.biz,14,1557,8,0,14,1,0,0,0.0,0.0,0,0,0,2,1,1.0,1
353,cdnosboviiyqw.biz,13,1425,7,4,9,3,0,0,0.0,0.3076923076923077,0,0,0,3,1,1.0,1
354,qqkoluhwexlr.net,12,1335,6,3,9,3,0,0,0.0,0.25,0,0,0,3,1,1.0,1
355,lknskxqihftrk.info,13,1428,7,1,12,1,0,0,0.0,0.07692307692307693,0,0,0,3,1,1.0,1
356,dpnnpkugckqjstc.co.uk,15,1626,9,1,14,1,0,0,0.0,0.06666666666666667,0,0,0,3,1,1.0,1
357,bhrwhwaqbavo.ru,12,1292,6,3,9,3,0,0,0.0,0.25,1,0,0,3,1,1.0,1
358,mqwyubfisnxhjlj.com,15,1653,9,2,13,2,0,0,0.0,0.13333333333333333,0,0,0,2,1,1.0,1
359,hduyjirowrtcg.info,13,1429,5,3,10,3,0,0,0.0,0.23076923076923078,0,0,0,4,1,1.0,1
360,swpxebswpnoladg.info,15,1640,7,3,12,3,0,0,0.0,0.2,0,0,0,5,1,1.0,1
361,rktjhmuiisjho.net,13,1419,7,4,9,2,0,0,0.0,0.3076923076923077,0,0,0,2,1,1.0,1
362,pmtypkfhvgwv.net,12,1341,6,0,12,1,0,0,0.0,0.0,0,0,0,2,2,1.0,1
363,vjpasmfhtyvlnfo.biz,15,1649,7,2,13,3,0,0,0.0,0.13333333333333333,0,0,0,3,1,1.0,1
364,dadghxvafwtltd.org,14,1500,7,2,12,2,0,0,0.0,0.14285714285714285,2,0,0,3,1,1.0,1
365,tkqxydrykivoce.co.uk,14,1553,6,3,11,4,0,0,0.0,0.21428571428571427,0,0,0,4,1,1.0,1
366,aybwjyhuuqogcmf.biz,15,1637,9,4,11,4,0,0,0.0,0.26666666666666666,1,0,0,3,1,1.0,1
367,pxqqcbruphrsrjw.biz,15,1670,7,1,14,1,0,0,0.0,0.06666666666666667,0,0,0,3,1,1.0,1
368,ddtldmdabqytc.net,13,1377,7,1,12,2,0,0,0.0,0.07692307692307693,1,0,0,3,1,1.0,1
369,bhywsimfjvctsef.org,15,1630,7,2,13,3,0,0,0.0,0.13333333333333333,0,0,0,3,1,1.0,1
370,ghdwnpqajeuuo.net,13,1410,7,5,8,2,0,0,0.0,0.38461538461538464,1,0,0,3,1,1.0,1
371,hbeclghjjwwff.info,13,1371,7,1,12,1,0,0,0.0,0.07692307692307693,0,0,0,3,1,1.0,1
372,vvqdnddptjsut.info,13,1441,8,1,12,1,0,0,0.0,0.07692307692307693,0,0,0,3,1,1.0,1
373,lnbeoplydswxcl.co.uk,14,1530,8,2,12,2,0,0,0.0,0.14285714285714285,0,0,0,3,1,1.0,1
374,gmpbxhuhbhkqnk.biz,14,1506,8,1,13,1,0,0,0.0,0.07142857142857142,0,0,0,3,1,1.0,1
375,bgmlfcwtgamfni.co.uk,14,1480,6,2,12,2,0,0,0.0,0.14285714285714285,0,0,0,3,1,1.0,1
376,clsagmrbyoldmc.org,14,1491,6,2,12,2,0,0,0.0,0.14285714285714285,1,0,0,3,1,1.0,1
377,vejkdvrnqcyv.com,12,1325,7,1,11,2,0,0,0.0,0.08333333333333333,0,0,0,3,1,1.0,1
378,qwaatryygpucju.info,14,1552,7,4,10,4,0,0,0.0,0.2857142857142857,1,1,0,3,1,1.0,1
379,anmumgendeod.biz,12,1268,4,5,7,4,0,0,0.0,0.4166666666666667,0,0,0,5,2,1.0,1
380,uvmonqqlwlnrry.com,14,1585,7,2,12,3,0,0,0.0,0.14285714285714285,0,0,0,3,1,1.0,1
381,uywkgtrwxrnqd.co.uk,13,1473,9,1,12,1,0,0,0.0,0.07692307692307693,0,0,0,2,1,1.0,1
382,nkucxcfojlrx.net,12,1313,6,2,10,2,0,0,0.0,0.16666666666666666,0,0,0,3,1,1.0,1
383,xdsrcirxdwfnlu.net,14,1543,8,2,12,2,0,0,0.0,0.14285714285714285,0,0,0,2,1,1.0,1
384,aypyorypbjvvx.ru,13,1469,9,2,11,3,0,0,0.0,0.15384615384615385,0,0,0,2,1,1.0,1
385,gtgbcbuqosksapt.co.uk,15,1620,7,3,12,3,0,0,0.0,0.2,0,0,0,3,1,1.0,1
386,cgdrxsjjrpoyiy.info,14,1547,7,2,12,1,0,0,0.0,0.14285714285714285,0,0,0,3,1,1.0,1
387,riybojbgomhbgax.ru,15,1598,8,4,11,4,0,0,0.0,0.26666666666666666,1,0,0,3,1,1.0,1
388,oclnqkesccukdk.net,14,1493,7,3,11,3,0,0,0.0,0.21428571428571427,0,0,0,3,1,1.0,1
389,flibslimtfnnjyq.ru,15,1628,7,2,13,3,0,0,0.0,0.13333333333333333,0,0,0,3,1,1.0,1
390,sexigtqggvnsp.com,13,1434,8,2,11,2,0,0,0.0,0.15384615384615385,1,1,0,3,1,1.0,1
391,ahxqyoweuwolu.info,13,1458,7,6,7,5,0,0,0.0,0.46153846153846156,1,0,0,3,1,1.0,1
392,cfcvncrlbfjo.info,12,1266,5,1,11,1,0,0,0.0,0.08333333333333333,0,0,0,3,1,1.0,1
393,mpdsusodoptlqib.biz,15,1642,7,4,11,4,0,0,0.0,0.26666666666666666,0,0,0,3,1,1.0,1
394,fgofythcqlwf.ru,12,1300,7,1,11,2,0,0,0.0,0.08333333333333333,0,0,0,2,1,1.0,1
395,nthjjayhfgqtgjd.co.uk,15,1607,7,1,14,1,0,0,0.0,0.06666666666666667,0,0,0,3,1,1.0,1
396,nplvwndsamybr.net,13,1431,6,1,12,2,0,0,0.0,0.07692307692307693,0,0,0,4,1,1.0,1
397,lmjkdqsrpjkfjen.info,15,1616,7,1,14,1,0,0,0.0,0.06666666666666667,0,0,0,3,1,1.0,1
398,krxkuarrywlnt.com,13,1464,7,2,11,2,0,0,0.0,0.15384615384615385,0,0,0,3,1,1.0,1
399,xkterbtddwalqqh.org,15,1626,8,2,13,2,0,0,0.0,0.13333333333333333,0,0,0,3,1,1.0,1
400,lsdlkikeibwcqar.co.uk,15,1596,7,4,11,3,0,0,0.0,0.26666666666666666,0,0,0,3,1,1.0,1
401,esxdlckhtwni.net,12,1304,6,2,10,2,0,0,0.0,0.16666666666666666,0,0,0,3,1,1.0,1
402,tntnyulwlpamc.biz,13,1442,5,2,11,2,0,0,0.0,0.15384615384615385,0,0,0,3,2,1.0,1
403,ejurbgoprrmukho.com,15,1638,7,5,10,5,0,0,0.0,0.3333333333333333,0,0,0,3,1,1.0,1
404,evfblrlbfpyjrft.ru,15,1620,7,1,14,2,0,0,0.0,0.06666666666666667,0,0,0,3,1,1.0,1
405,monohreciokxt.co.uk,13,1418,6,5,8,4,0,0,0.0,0.38461538461538464,0,0,0,4,1,1.0,1
406,xxqyrbhhutri.info,12,1346,6,2,10,3,0,0,0.0,0.16666666666666666,0,0,0,3,1,1.0,1
407,kcbnfxrqyvxppb.co.uk,14,1544,9,0,14,1,0,0,0.0,0.0,0,0,0,3,1,1.0,1
408,vnmypokkjgvkm.info,13,1438,8,1,12,2,0,0,0.0,0.07692307692307693,0,0,0,3,1,1.0,1
409,jxamfhuqcsuot.biz,13,1426,5,4,9,3,0,0,0.0,0.3076923076923077,0,0,0,3,2,1.0,1
410,pcuctheiuajai.info,13,1375,6,7,6,3,0,0,0.0,0.5384615384615384,1,0,0,3,1,1.0,1
411,gexnvxgwhjhdkb.com,14,1513,8,1,13,1,0,0,0.0,0.07142857142857142,0,0,0,2,1,1.0,1
412,ueflpvjjrcyiwwg.biz,15,1650,8,3,12,2,0,0,0.0,0.2,0,0,0,3,1,1.0,1
413,jfgmroxsnwyom.com,13,1450,6,2,11,2,0,0,0.0,0.15384615384615385,0,0,0,3,1,1.0,1
414,lawfdgfsltdcyyv.net,15,1629,7,1,14,2,0,0,0.0,0.06666666666666667,1,0,0,3,1,1.0,1
415,qtexejbjxiho.ru,12,1301,6,4,8,4,0,0,0.0,0.3333333333333333,0,0,0,3,1,1.0,1
416,yrijohxyqmcypa.info,14,1553,7,3,11,6,0,0,0.0,0.21428571428571427,0,0,0,3,1,1.0,1
417,lytgrneepjhxlv.biz,14,1542,7,2,12,2,0,0,0.0,0.14285714285714285,0,0,0,3,1,1.0,1
418,khqmfsgkqaie.org,12,1276,7,3,9,1,0,0,0.0,0.25,0,0,0,3,1,1.0,1
419,swqhcedouakyi.ru,13,1409,6,5,8,3,0,0,0.0,0.38461538461538464,1,0,0,3,1,1.0,1
420,liequvddukbr.biz,12,1298,5,4,8,3,0,0,0.0,0.3333333333333333,1,1,0,3,2,1.0,1
421,fvoaqmtxbbgei.info,13,1391,6,4,9,2,0,0,0.0,0.3076923076923077,0,0,0,3,1,1.0,1
422,oweksjobwpny.co.uk,12,1330,5,3,9,4,0,0,0.0,0.25,1,1,0,3,2,1.0,1
423,ffdsshjgkvdb.com,12,1270,5,0,12,0,0,0,0.0,0.0,0,0,0,3,2,1.0,1
424,qurultkucyny.ru,12,1360,6,3,9,5,0,0,0.0,0.25,0,0,0,3,1,1.0,1
425,qrsepoqecsfpk.net,13,1415,5,3,10,3,0,0,0.0,0.23076923076923078,0,0,0,3,2,1.0,1
426,nisflyfwiwncd.biz,13,1415,5,2,11,3,0,0,0.0,0.15384615384615385,1,1,0,4,1,1.0,1
427,kmpmgpyyjloppw.org,14,1562,6,1,13,2,0,0,0.0,0.07142857142857142,0,0,0,4,1,1.0,1
428,uagmynpokohu.org,12,1319,6,5,7,5,0,0,0.0,0.4166666666666667,0,0,0,3,1,1.0,1
429,dqvqydusmpfi.ru,12,1325,7,2,10,3,0,0,0.0,0.16666666666666666,0,0,0,2,1,1.0,1
430,wxnwkruoivrh.info,12,1358,7,3,9,1,0,0,0.0,0.25,0,0,0,3,1,1.0,1
431,iwdogifdxgtqij.ru,14,1508,7,4,10,4,0,0,0.0,0.2857142857142857,2,1,0,3,1,1.0,1
432,ercdhuggeacp.net,12,1250,5,4,8,3,0,0,0.0,0.3333333333333333,0,0,0,3,2,1.0,1
433,qmlkpnxrnkscfk.biz,14,1533,7,0,14,0,0,0,0.0,0.0,0,0,0,3,1,1.0,1
434,xloisvdpkjsdks.org,14,1539,7,2,12,1,0,0,0.0,0.14285714285714285,0,0,0,4,1,1.0,1
435,dxhnonkfjkstg.co.uk,13,1411,7,1,12,1,0,0,0.0,0.07692307692307693,0,0,0,3,1,1.0,1
436,ruonewilvggant.com,14,1532,6,5,9,4,0,0,0.0,0.35714285714285715,1,0,1,3,1,1.0,1
437,nwvlrhdjwpyvsig.ru,15,1672,8,1,14,2,0,0,0.0,0.06666666666666667,0,0,0,3,1,1.0,1
438,pdhhjqsvgjml.net,12,1298,7,0,12,0,0,0,0.0,0.0,0,0,0,3,1,1.0,1
439,tmjafiiuhyydrv.net,14,1535,8,4,10,3,0,0,0.0,0.2857142857142857,0,0,0,3,1,1.0,1
440,usmkchgeverk.co.uk,12,1295,6,3,9,3,0,0,0.0,0.25,0,0,0,4,1,1.0,1
441,slkmeyltlvuxsa.ru,14,1560,7,3,11,3,0,0,0.0,0.21428571428571427,1,0,0,3,1,1.0,1
442,ehnrwdehogddfc.biz,14,1468,6,3,11,3,0,0,0.0,0.21428571428571427,0,0,0,3,1,1.0,1
443,cclmdhgfoehi.org,12,1245,5,3,9,2,0,0,0.0,0.25,0,0,0,3,2,1.0,1
444,knttkqquwqxjkd.ru,14,1564,7,1,13,1,0,0,0.0,0.07142857142857142,0,0,0,3,1,1.0,1
445,xwjvkbhvotsvi.net,13,1455,8,2,11,2,0,0,0.0,0.15384615384615385,0,0,0,3,1,1.0,1
446,cashcpjjcyajgm.biz,14,1473,7,2,12,2,0,0,0.0,0.14285714285714285,2,1,0,4,1,1.0,1
447,tiovdffnwlhjv.org,13,1419,7,2,11,1,0,0,0.0,0.15384615384615385,0,0,0,3,1,1.0,1
448,nbilxwivrhscs.info,13,1430,8,2,11,2,0,0,0.0,0.15384615384615385,0,0,0,3,1,1.0,1
449,drhefgsmsabvcx.net,14,1495,6,2,12,2,0,0,0.0,0.14285714285714285,0,0,0,3,2,1.0,1
450,qdularonenpmn.info,13,1412,6,4,9,4,0,0,0.0,0.3076923076923077,1,0,1,3,1,1.0,1
451,xhkupfngrioquss.co.uk,15,1665,9,4,11,3,0,0,0.0,0.26666666666666666,0,0,0,3,1,1.0,1
452,wxvyteryujal.com,12,1358,6,3,9,4,0,0,0.0,0.25,0,0,0,4,1,1.0,1
453,cniknslnrtrvuq.ru,14,1556,8,2,12,2,0,0,0.0,0.14285714285714285,0,0,0,3,1,1.0,1
454,qqevjndxkbcfge.co.uk,14,1491,7,2,12,1,0,0,0.0,0.14285714285714285,0,0,0,3,1,1.0,1
455,lgbnnwuojfpy.ru,12,1317,7,2,10,2,0,0,0.0,0.16666666666666666,0,0,0,2,1,1.0,1
456,tprlafnsobsckx.info,14,1524,6,2,12,2,0,0,0.0,0.14285714285714285,0,0,0,4,1,1.0,1
457,rjoywtawvrrtef.ru,14,1568,6,3,11,3,0,0,0.0,0.21428571428571427,0,0,0,3,1,1.0,1
458,tckkegueluuyv.co.uk,13,1432,7,5,8,3,0,0,0.0,0.38461538461538464,0,0,0,3,1,1.0,1
459,sdqohovytwfq.biz,12,1343,7,2,10,3,0,0,0.0,0.16666666666666666,0,0,0,3,1,1.0,1
460,bjimtduqgkoydop.co.uk,15,1629,7,4,11,4,0,0,0.0,0.26666666666666666,0,0,0,3,1,1.0,1
461,tprmtvafunxim.ru,13,1445,7,3,10,3,0,0,0.0,0.23076923076923078,2,1,1,3,1,1.0,1
462,itdxyhhmkenlt.org,13,1421,7,2,11,3,0,0,0.0,0.15384615384615385,1,0,0,3,1,1.0,1
463,kcynpbnkcjejm.info,13,1385,7,1,12,2,0,0,0.0,0.07692307692307693,0,0,0,3,1,1.0,1
464,aawcvqjdkfrt.net,12,1288,8,2,10,1,0,0,0.0,0.16666666666666666,1,0,0,2,1,1.0,1
465,lqhlbotyltee.info,12,1305,6,3,9,3,0,0,0.0,0.25,0,0,0,4,1,1.0,1
466,fplnssqirncpdo.org,14,1526,7,2,12,2,0,0,0.0,0.14285714285714285,0,0,0,3,1,1.0,1
467,yaappjoycmloffi.co.uk,15,1613,7,5,10,4,0,0,0.0,0.3333333333333333,0,0,0,3,1,1.0,1
468,jkxggwouoieybv.biz,14,1540,7,5,9,1,0,0,0.0,0.35714285714285715,0,0,0,3,1,1.0,1
469,enybqdbknparhh.info,14,1489,7,2,12,3,0,0,0.0,0.14285714285714285,0,0,0,3,1,1.0,1
470,widwjiktosgot.ru,13,1433,7,4,9,4,0,0,0.0,0.3076923076923077,0,0,0,3,1,1.0,1
471,rmnuyqokxspl.com,12,1357,7,2,10,2,0,0,0.0,0.16666666666666666,0,0,0,3,1,1.0,1
472,iqndhqmuhpumt.co.uk,13,1429,6,3,10,3,0,0,0.0,0.23076923076923078,0,0,0,3,2,1.0,1
473,jtefhxoqphona.biz,13,1407,7,4,9,4,0,0,0.0,0.3076923076923077,1,0,0,3,1,1.0,1
474,hiewaqwdfpwxwos.net,15,1656,8,4,11,3,0,0,0.0,0.26666666666666666,0,0,0,3,1,1.0,1
475,mehopntxieachu.com,14,1506,6,6,8,4,0,0,0.0,0.42857142857142855,0,0,0,4,1,1.0,1
476,xkkboxunlkyfpn.co.uk,14,1550,8,2,12,3,0,0,0.0,0.14285714285714285,1,1,0,3,1,1.0,1
477,fetacibkualn.com,12,1257,6,5,7,4,0,0,0.0,0.4166666666666667,1,0,0,4,1,1.0,1
478,jblpgjwsdjhj.ru,12,1283,6,0,12,0,0,0,0.0,0.0,0,0,0,3,1,1.0,1
479,lpclfkmybpnd.co.uk,12,1286,6,0,12,1,0,0,0.0,0.0,0,0,0,3,1,1.0,1
480,blovipbravkt.biz,12,1302,5,3,9,3,0,0,0.0,0.25,0,0,0,3,2,1.0,1
481,snpjwhyrjmtwodl.net,15,1670,7,1,14,2,0,0,0.0,0.06666666666666667,1,0,0,3,1,1.0,1
482,ftywibafpcaa.info,12,1265,6,4,8,4,0,0,0.0,0.3333333333333333,0,0,0,3,1,1.0,1
483,yfsbvbvqhqgst.net,13,1434,7,0,13,1,0,0,0.0,0.0,0,0,0,3,1,1.0,1
484,udavroaoktsq.info,12,1316,6,5,7,3,0,0,0.0,0.4166666666666667,1,0,0,4,1,1.0,1
485,ljtxmmmhhqwksgo.com,15,1653,8,1,14,1,0,0,0.0,0.06666666666666667,1,1,1,3,1,1.0,1
486,drjfqaohhaqktvf.net,15,1604,8,3,12,2,0,0,0.0,0.2,0,0,0,3,1,1.0,1
487,jsahowujlarsqq.com,14,1535,5,4,10,4,0,0,0.0,0.2857142857142857,0,0,0,4,2,1.0,1
488,emytchouutdpo.com,13,1434,6,5,8,4,0,0,0.0,0.38461538461538464,0,0,0,4,1,1.0,1
489,lhwjanklhdxax.org,13,1400,7,2,11,2,0,0,0.0,0.15384615384615385,1,0,0,4,1,1.0,1
490,gkjwvrhbsgqxl.org,13,1428,7,0,13,0,0,0,0.0,0.0,0,0,0,3,1,1.0,1
491,uoqxjvcyntqoa.info,13,1452,8,4,9,3,0,0,0.0,0.3076923076923077,1,0,0,3,1,1.0,1
492,pxvcqkxmwwaynx.info,14,1584,8,1,13,1,0,0,0.0,0.07142857142857142,1,0,0,3,1,1.0,1
493,idpqsivkarga.info,12,1286,5,4,8,4,0,0,0.0,0.3333333333333333,1,0,0,4,1,1.0,1
494,afnykhdjvdxurl.org,14,1524,7,2,12,3,0,0,0.0,0.14285714285714285,0,0,0,3,1,1.0,1
495,drufdcywefkmtbr.net,15,1619,8,2,13,3,0,0,0.0,0.13333333333333333,0,0,0,3,1,1.0,1
496,hiysymkwcugh.biz,12,1324,6,2,10,3,0,0,0.0,0.16666666666666666,0,0,0,3,1,1.0,1
497,dbyglewpnhjvdm.org,14,1509,8,1,13,2,0,0,0.0,0.07142857142857142,0,0,0,3,1,1.0,1
498,uheemqdskoxcl.ru,13,1405,7,4,9,3,0,0,0.0,0.3076923076923077,0,0,0,3,1,1.0,1
499,dlmtstjcjsqcg.biz,13,1405,6,0,13,0,0,0,0.0,0.0,0,0,0,3,2,1.0,1
500,fckaqafuwsawhhw.info,15,1611,8,4,11,4,0,0,0.0,0.26666666666666666,0,0,0,3,1,1.0,1
501,fcjjlncjwcdmtp.info,14,1491,7,0,14,0,0,0,0.0,0.0,0,0,0,3,1,1.0,1
502,jdayjwcmuesmgxd.co.uk,15,1622,8,3,12,2,0,0,0.0,0.2,1,0,1,3,1,1.0,1
503,ppkiafokijbn.ru,12,1272,6,4,8,3,0,0,0.0,0.3333333333333333,0,0,0,3,1,1.0,1
504,gheurqgshcnju.info,13,1406,7,3,10,2,0,0,0.0,0.23076923076923078,0,0,0,3,1,1.0,1
505,xlvxbfuepidmh.ru,13,1414,5,3,10,2,0,0,0.0,0.23076923076923078,0,0,0,3,2,1.0,1
506,vbkgxqlrcwin.com,12,1314,6,1,11,1,0,0,0.0,0.08333333333333333,1,1,0,3,1,1.0,1
507,yttxkuhikvarf.co.uk,13,1444,7,3,10,4,0,0,0.0,0.23076923076923078,0,0,0,3,1,1.0,1
508,gsfhqsurvpnkin.biz,14,1545,6,2,12,2,0,0,0.0,0.14285714285714285,0,0,0,3,1,1.0,1
509,rvfycljwnujra.info,13,1431,8,2,11,3,0,0,0.0,0.15384615384615385,1,0,0,2,1,1.0,1
510,bldcploqcmpyhv.net,14,1512,7,1,13,2,0,0,0.0,0.07142857142857142,0,0,0,3,1,1.0,1
511,neevtppboxoay.org,13,1428,6,5,8,3,0,0,0.0,0.38461538461538464,1,1,0,3,1,1.0,1
512,vkpwilyifnrxujj.info,15,1670,7,3,12,3,0,0,0.0,0.2,1,0,0,4,1,1.0,1
513,ffvycggrrrdd.net,12,1290,6,0,12,1,0,0,0.0,0.0,0,0,0,3,1,1.0,1
514,ghlbthhwhcmejh.org,14,1479,8,1,13,1,0,0,0.0,0.07142857142857142,0,0,0,3,1,1.0,1
515,ylhowgtamqmpxjl.ru,15,1656,8,2,13,3,0,0,0.0,0.13333333333333333,0,0,0,3,1,1.0,1
516,qdrhnsgruxwsgsi.ru,15,1667,7,2,13,2,0,0,0.0,0.13333333333333333,0,0,0,3,1,1.0,1
517,sbbagibhqtbli.org,13,1358,6,3,10,3,0,0,0.0,0.23076923076923078,0,0,0,3,1,1.0,1
518,ncwejbgiywcm.info,12,1289,7,2,10,2,0,0,0.0,0.16666666666666666,0,0,0,2,1,1.0,1
519,vpsxhaputfpg.info,12,1328,7,2,10,2,0,0,0.0,0.16666666666666666,2,1,0,3,1,1.0,1
520,fsdwetarantn.info,12,1297,5,3,9,3,0,0,0.0,0.25,0,0,0,4,1,1.0,1
521,aytblhnpxswc.net,12,1319,7,1,11,1,0,0,0.0,0.08333333333333333,0,0,0,2,1,1.0,1
522,xxfrbcmfcqnea.net,13,1384,6,2,11,1,0,0,0.0,0.15384615384615385,0,0,0,3,1,1.0,1
523,mshisewlahwkvk.net,14,1528,7,3,11,3,0,0,0.0,0.21428571428571427,0,0,0,3,1,1.0,1
524,vrxpxmnltiixk.co.uk,13,1464,7,2,11,1,0,0,0.0,0.15384615384615385,0,0,0,3,1,1.0,1
525,lgjjxksuvekwk.net,13,1434,8,2,11,2,0,0,0.0,0.15384615384615385,0,0,0,3,1,1.0,1
526,wmhgyleotjxi.biz,12,1323,6,3,9,3,0,0,0.0,0.25,0,0,0,3,1,1.0,1
527,xtwljgxlikch.com,12,1315,7,1,11,1,0,0,0.0,0.08333333333333333,0,0,0,3,1,1.0,1
528,ydlvjbaimbep.net,12,1273,6,3,9,3,0,0,0.0,0.25,0,0,0,3,1,1.0,1
529,omdbtorbjhcyt.org,13,1403,7,2,11,3,0,0,0.0,0.15384615384615385,0,0,0,3,1,1.0,1
530,uokrnfonkyxoyy.com,14,1583,7,4,10,4,0,0,0.0,0.2857142857142857,0,0,0,3,1,1.0,1
531,aeducxelkjpmln.ru,14,1495,7,4,10,3,0,0,0.0,0.2857142857142857,1,0,0,3,1,1.0,1
532,aqjtmqiosbpdno.com,14,1516,7,4,10,3,0,0,0.0,0.2857142857142857,0,0,0,3,1,1.0,1
533,poiwaodyaqlh.co.uk,12,1298,6,5,7,3,0,0,0.0,0.4166666666666667,1,0,0,4,1,1.0,1
534,klyvilsxagsxsdh.co.uk,15,1656,8,2,13,3,0,0,0.0,0.13333333333333333,1,0,0,3,1,1.0,1
535,cshmiwuuobfpm.ru,13,1417,6,4,9,2,0,0,0.0,0.3076923076923077,0,0,0,3,2,1.0,1
536,bwshloiweald.com,12,1285,5,4,8,2,0,0,0.0,0.3333333333333333,0,0,0,5,1,1.0,1
537,ixacwxxkfcjlj.ru,13,1408,7,2,11,2,0,0,0.0,0.15384615384615385,1,0,0,3,1,1.0,1
538,avuneoamqspuy.ru,13,1438,6,6,7,4,0,0,0.0,0.46153846153846156,1,0,0,3,1,1.0,1
539,xbgowxafqfbfptw.biz,15,1632,9,2,13,2,0,0,0.0,0.13333333333333333,1,1,1,2,1,1.0,1
540,ebsbxxesyqyg.co.uk,12,1326,6,2,10,4,0,0,0.0,0.16666666666666666,0,0,0,3,1,1.0,1
541,sxhssgjcqvvm.biz,12,1335,7,0,12,0,0,0,0.0,0.0,0,0,0,2,1,1.0,1
542,bojnibyqmjgevl.org,14,1507,8,3,11,4,0,0,0.0,0.21428571428571427,0,0,0,3,1,1.0,1
543,oqdsjguyjudl.co.uk,12,1317,6,3,9,3,0,0,0.0,0.25,1,1,0,3,1,1.0,1
544,tfnxnqfbkblqhua.net,15,1615,8,2,13,1,0,0,0.0,0.13333333333333333,0,0,0,3,1,1.0,1
545,sygbehftpgjiju.net,14,1509,7,3,11,4,0,0,0.0,0.21428571428571427,0,0,0,3,1,1.0,1
546,dhehcydwkenvmcn.net,15,1602,7,2,13,3,0,0,0.0,0.13333333333333333,0,0,0,3,1,1.0,1
547,axrliktjyymwqd.info,14,1556,8,2,12,3,0,0,0.0,0.14285714285714285,1,0,0,2,1,1.0,1
548,lvdfglaycjqp.org,12,1287,6,1,11,1,0,0,0.0,0.08333333333333333,1,1,1,3,1,1.0,1
549,iikngodijoxx.com,12,1303,6,5,7,4,0,0,0.0,0.4166666666666667,1,0,1,3,1,1.0,1
550,jhhhfycphxcnhq.ru,14,1502,8,0,14,1,0,0,0.0,0.0,0,0,0,3,1,1.0,1
551,nnyjaeapgwqy.org,12,1310,6,3,9,3,0,0,0.0,0.25,0,0,0,3,1,1.0,1
552,axxftoyognxk.co.uk,12,1338,7,3,9,2,0,0,0.0,0.25,1,0,0,3,1,1.0,1
553,jvudxwtttefjckj.com,15,1649,8,2,13,2,0,0,0.0,0.13333333333333333,0,0,0,3,1,1.0,1
554,wcnseftahcyt.com,12,1299,6,2,10,3,0,0,0.0,0.16666666666666666,0,0,0,4,1,1.0,1
555,csskvcukvnfbli.net,14,1518,7,2,12,2,0,0,0.0,0.14285714285714285,0,0,0,3,1,1.0,1
556,uxmwgulewmjjoc.net,14,1544,7,4,10,4,0,0,0.0,0.2857142857142857,0,0,0,3,1,1.0,1
557,crisbsbcaggutg.org,14,1482,6,3,11,3,0,0,0.0,0.21428571428571427,0,0,0,4,1,1.0,1
558,togaifcetkswvn.org,14,1519,6,4,10,3,0,0,0.0,0.2857142857142857,1,0,0,4,1,1.0,1
559,grwwoqtrhorqv.biz,13,1469,7,2,11,2,0,0,0.0,0.15384615384615385,0,0,0,2,1,1.0,1
560,xxabijdgxylrd.com,13,1412,6,2,11,3,0,0,0.0,0.15384615384615385,0,0,0,3,2,1.0,1
561,rgwlwxnxljal.net,12,1332,6,1,11,1,0,0,0.0,0.08333333333333333,0,0,0,3,1,1.0,1
562,qiroigchgdmeqds.ru,15,1595,7,4,11,3,0,0,0.0,0.26666666666666666,0,0,0,3,1,1.0,1
563,gntuxplfxktg.ru,12,1334,6,1,11,1,0,0,0.0,0.08333333333333333,0,0,0,3,1,1.0,1
564,iqcubipgmwts.biz,12,1311,6,3,9,3,0,0,0.0,0.25,0,0,0,3,1,1.0,1
565,dqerxbdenbajqh.com,14,1475,6,3,11,3,0,0,0.0,0.21428571428571427,0,0,0,3,1,1.0,1
566,pyhlfjbhbdqfiiy.net,15,1599,8,2,13,2,0,0,0.0,0.13333333333333333,0,0,0,3,1,1.0,1
567,xhwsoqhvlgxsqrr.net,15,1691,8,1,14,1,0,0,0.0,0.06666666666666667,0,0,0,3,1,1.0,1
568,tdntdthylkbigc.info,14,1503,7,1,13,2,0,0,0.0,0.07142857142857142,1,0,1,3,1,1.0,1
569,ognfpxuyugwcoeu.info,15,1663,8,6,9,3,0,0,0.0,0.4,0,0,0,2,1,1.0,1
570,epdjllkxxfprts.com,14,1541,7,1,13,1,0,0,0.0,0.07142857142857142,0,0,0,3,1,1.0,1
571,moarpyiismidns.ru,14,1528,6,5,9,3,0,0,0.0,0.35714285714285715,0,0,0,3,1,1.0,1
572,yetviuajwveu.biz,12,1336,7,6,6,3,0,0,0.0,0.5,1,0,0,3,1,1.0,1
573,wcsxuwsatfoq.info,12,1343,7,3,9,3,0,0,0.0,0.25,0,0,0,3,1,1.0,1
574,bowqanpkugycf.net,13,1409,6,3,10,4,0,0,0.0,0.23076923076923078,0,0,0,3,1,1.0,1
575,qwlqukrxpypq.org,12,1369,8,1,11,2,0,0,0.0,0.08333333333333333,0,0,0,2,1,1.0,1
576,yoeaaqghehoiqxs.info,15,1616,8,7,8,3,0,0,0.0,0.4666666666666667,2,0,0,3,1,1.0,1
577,rjapginqacccxc.com,14,1473,6,3,11,3,0,0,0.0,0.21428571428571427,0,0,0,3,2,1.0,1
578,hgbwvjoaqcwmitq.info,15,1630,7,3,12,2,0,0,0.0,0.2,1,0,0,3,1,1.0,1
579,yxrhtqouhnlry.net,13,1473,8,2,11,3,0,0,0.0,0.15384615384615385,0,0,0,3,1,1.0,1
580,tlbyrmpuyosois.biz,14,1573,6,4,10,3,0,0,0.0,0.2857142857142857,0,0,0,4,2,1.0,1
581,wwvsoinbpumirpu.com,15,1681,7,5,10,4,0,0,0.0,0.3333333333333333,0,0,0,3,1,1.0,1
582,mrglttcnvaja.ru,12,1293,6,2,10,2,0,0,0.0,0.16666666666666666,1,0,0,3,1,1.0,1
583,sxrxdxhpymeudy.org,14,1574,7,2,12,3,0,0,0.0,0.14285714285714285,0,0,0,4,1,1.0,1
584,rcpukpcneqtq.org,12,1313,6,2,10,2,0,0,0.0,0.16666666666666666,0,0,0,3,1,1.0,1
585,fmckoophdlsfkoq.ru,15,1611,7,3,12,2,0,0,0.0,0.2,0,0,0,4,1,1.0,1
586,mdolvmsqonkjh.biz,13,1421,6,2,11,2,0,0,0.0,0.15384615384615385,0,0,0,3,1,1.0,1
587,otvwtojyhevdo.info,13,1452,6,4,9,5,0,0,0.0,0.3076923076923077,0,0,0,3,1,1.0,1
588,eepambpsixpwv.biz,13,1419,6,4,9,3,0,0,0.0,0.3076923076923077,0,0,0,4,1,1.0,1
589,tqnikdiocbrwm.ru,13,1406,6,3,10,2,0,0,0.0,0.23076923076923078,0,0,0,3,1,1.0,1
590,pjjsttqcwlscmmn.com,15,1652,9,0,15,0,0,0,0.0,0.0,0,0,0,3,1,1.0,1
591,icipshqcuofivk.biz,14,1512,7,5,9,4,0,0,0.0,0.35714285714285715,0,0,0,3,1,1.0,1
592,qeenfnjyefqwjv.biz,14,1523,9,3,11,2,0,0,0.0,0.21428571428571427,0,0,0,2,1,1.0,1
593,ouxttwiemyemuu.com,14,1579,7,7,7,4,0,0,0.0,0.5,0,0,0,3,1,1.0,1
594,fifjdxptpcgvwk.com,14,1521,8,1,13,1,0,0,0.0,0.07142857142857142,1,0,0,3,1,1.0,1
595,gxcawccqtowdpgl.info,15,1618,7,2,13,2,0,0,0.0,0.13333333333333333,0,0,0,3,1,1.0,1
596,hdgfwxfemlivha.ru,14,1492,7,3,11,3,0,0,0.0,0.21428571428571427,1,0,0,3,1,1.0,1
597,vtjexyxhqpehqj.co.uk,14,1555,8,2,12,3,0,0,0.0,0.14285714285714285,0,0,0,3,1,1.0,1
598,iucpbxiumfwj.co.uk,12,1309,7,4,8,2,0,0,0.0,0.3333333333333333,0,0,0,2,1,1.0,1
599,jgtsdehrpdefmhm.ru,15,1596,7,2,13,2,0,0,0.0,0.13333333333333333,0,0,0,3,1,1.0,1
600,eepdqksrksfbsvs.biz,15,1633,8,2,13,1,0,0,0.0,0.13333333333333333,0,0,0,3,1,1.0,1
601,avvliomqrcvfq.net,13,1425,7,3,10,2,0,0,0.0,0.23076923076923078,0,0,0,3,1,1.0,1
602,rbgmfsglvynqq.co.uk,13,1427,7,0,13,1,0,0,0.0,0.0,0,0,0,3,1,1.0,1
603,niifjstbijvx.ru,12,1306,7,3,9,2,0,0,0.0,0.25,1,0,0,3,1,1.0,1
604,fomfhqrtsopg.co.uk,12,1312,6,2,10,2,0,0,0.0,0.16666666666666666,0,0,0,3,1,1.0,1
605,fbdchirptadvkjp.net,15,1590,7,2,13,2,0,0,0.0,0.13333333333333333,0,0,0,5,1,1.0,1
606,jkdhybiwxkehwkk.org,15,1625,8,2,13,3,0,0,0.0,0.13333333333333333,0,0,0,3,1,1.0,1
607,mnpshrjgjitn.net,12,1310,7,1,11,1,0,0,0.0,0.08333333333333333,1,0,0,3,1,1.0,1
608,nvswswokmwbo.info,12,1351,5,2,10,2,0,0,0.0,0.16666666666666666,0,0,0,3,2,1.0,1
609,bcsadjevgkkekl.org,14,1467,5,3,11,3,0,0,0.0,0.21428571428571427,0,0,0,3,2,1.0,1
610,ogkbeyqxwjmu.ru,12,1325,7,3,9,3,0,0,0.0,0.25,0,0,0,3,1,1.0,1
611,mpchsvcopeti.co.uk,12,1301,4,3,9,3,0,0,0.0,0.25,0,0,0,4,2,1.0,1
612,untwamtjppodkj.info,14,1538,6,3,11,3,0,0,0.0,0.21428571428571427,0,0,0,3,2,1.0,1
613,msrsjgdixgcirj.co.uk,14,1514,6,2,12,2,0,0,0.0,0.14285714285714285,0,0,0,3,2,1.0,1
614,kpxmammtxhyfwbs.com,15,1658,8,1,14,2,0,0,0.0,0.06666666666666667,0,0,0,3,1,1.0,1
615,vloauaidejepc.co.uk,13,1372,5,7,6,3,0,0,0.0,0.5384615384615384,0,0,0,4,2,1.0,1
616,lawpulivxjqfi.com,13,1430,6,4,9,4,0,0,0.0,0.3076923076923077,1,0,0,3,1,1.0,1
617,hpbwwyvkxjiio.ru,13,1445,8,3,10,2,0,0,0.0,0.23076923076923078,0,0,0,3,1,1.0,1
618,ncxooxypcsvbypo.ru,15,1678,7,3,12,4,0,0,0.0,0.2,0,0,0,3,1,1.0,1
619,lvvjeirhhbsexx.net,14,1532,6,3,11,2,0,0,0.0,0.21428571428571427,0,0,0,3,2,1.0,1
620,wfkykajplfsukny.org,15,1651,8,2,13,4,0,0,0.0,0.13333333333333333,0,0,0,3,1,1.0,1
621,bsmppsbtqkwux.net,13,1451,6,1,12,1,0,0,0.0,0.07692307692307693,0,0,0,4,1,1.0,1
622,cdchqwnblmqn.co.uk,12,1282,7,0,12,0,0,0,0.0,0.0,0,0,0,3,1,1.0,1
623,monjtjgiqkixutc.info,15,1643,7,4,11,4,0,0,0.0,0.26666666666666666,0,0,0,3,1,1.0,1
624,ukiknpaoaaimt.com,13,1390,6,7,6,3,0,0,0.0,0.5384615384615384,2,0,0,3,1,1.0,1
625,ilulkhsmggbrnis.net,15,1621,7,3,12,3,0,0,0.0,0.2,0,0,0,3,1,1.0,1
626,kcikdliqdrjykgv.co.uk,15,1613,8,2,13,3,0,0,0.0,0.13333333333333333,0,0,0,3,1,1.0,1
627,anlkavlhmokpp.biz,13,1400,6,3,10,3,0,0,0.0,0.23076923076923078,0,0,0,3,2,1.0,1
628,frgkbtyefpefa.com,13,1376,6,3,10,3,0,0,0.0,0.23076923076923078,0,0,0,3,2,1.0,1
629,pdwlshxyoepg.com,12,1326,6,2,10,1,0,0,0.0,0.16666666666666666,0,0,0,3,1,1.0,1
630,lgvbovuvcrdvkyj.info,15,1656,7,2,13,3,0,0,0.0,0.13333333333333333,0,0,0,3,1,1.0,1
631,jrynpttsliaytg.com,14,1560,7,2,12,2,0,0,0.0,0.14285714285714285,0,0,0,3,1,1.0,1
632,mbhwobxsbkgq.biz,12,1295,5,1,11,1,0,0,0.0,0.08333333333333333,0,0,0,3,2,1.0,1
633,nxampbajduxm.co.uk,12,1295,5,3,9,3,0,0,0.0,0.25,0,0,0,3,1,1.0,1
634,axmgradogyxygl.com,14,1527,7,3,11,5,0,0,0.0,0.21428571428571427,2,1,0,3,1,1.0,1
635,qwwpsweihbcv.com,12,1322,6,2,10,1,0,0,0.0,0.16666666666666666,0,0,0,3,1,1.0,1
636,jcwsmdwxsxhndu.net,14,1553,8,1,13,1,0,0,0.0,0.07142857142857142,0,0,0,2,1,1.0,1
637,rnvkdwssuqaav.com,13,1440,8,3,10,2,0,0,0.0,0.23076923076923078,0,0,0,2,1,1.0,1
638,udjpyueaghaafqv.biz,15,1605,6,6,9,3,0,0,0.0,0.4,0,0,0,4,2,1.0,1
639,ejikrkttqkqrs.co.uk,13,1434,7,2,11,2,0,0,0.0,0.15384615384615385,0,0,0,3,1,1.0,1
640,riukrwkmpttf.biz,12,1338,7,2,10,1,0,0,0.0,0.16666666666666666,0,0,0,2,1,1.0,1
641,nolhoyqsmnqojj.com,14,1548,7,3,11,3,0,0,0.0,0.21428571428571427,0,0,0,3,1,1.0,1
642,gammvnncivly.com,12,1307,5,2,10,3,0,0,0.0,0.16666666666666666,0,0,0,3,2,1.0,1
643,wvpbrivqalhck.info,13,1412,7,2,11,2,0,0,0.0,0.15384615384615385,0,0,0,3,1,1.0,1
644,tbngcpaaqbymdp.biz,14,1485,7,2,12,2,0,0,0.0,0.14285714285714285,0,0,0,3,1,1.0,1
645,rfgeuxypkqnh.info,12,1324,7,2,10,2,0,0,0.0,0.16666666666666666,0,0,0,2,1,1.0,1
646,xwubmrqgslsfv.info,13,1451,7,1,12,1,0,0,0.0,0.07692307692307693,0,0,0,3,1,1.0,1
647,kjikjgvtomhc.ru,12,1291,6,2,10,2,0,0,0.0,0.16666666666666666,0,0,0,3,1,1.0,1
648,gdhaexfuamwwt.com,13,1404,7,4,9,2,0,0,0.0,0.3076923076923077,1,0,0,3,1,1.0,1
649,kjpghableptwuds.org,15,1615,6,3,12,3,0,0,0.0,0.2,0,0,0,4,1,1.0,1
650,bxcwvssqbvjntb.biz,14,1543,8,0,14,0,0,0,0.0,0.0,0,0,0,3,1,1.0,1
651,tpcdblkwxqjvqvi.co.uk,15,1652,10,1,14,1,0,0,0.0,0.06666666666666667,0,0,0,3,1,1.0,1
652,eemkqgsuuhke.com,12,1295,6,5,7,2,0,0,0.0,0.4166666666666667,0,0,0,3,1,1.0,1
653,kceeiwggpucra.com,13,1377,7,5,8,3,0,0,0.0,0.38461538461538464,1,0,0,3,1,1.0,1
654,yjpvjaeiuogwu.com,13,1433,6,6,7,3,0,0,0.0,0.46153846153846156,0,0,0,3,1,1.0,1
655,xqccjtbbaqhvx.ru,13,1401,9,1,12,1,0,0,0.0,0.07692307692307693,1,0,0,2,1,1.0,1
656,ttpjgmdnrouti.biz,13,1435,7,3,10,2,0,0,0.0,0.23076923076923078,0,0,0,3,1,1.0,1
657,qiajpcgkhsyr.biz,12,1296,6,2,10,2,0,0,0.0,0.16666666666666666,1,0,0,3,1,1.0,1
658,hmrdgyksbrpx.com,12,1317,6,0,12,1,0,0,0.0,0.0,0,0,0,2,2,1.0,1
659,xcwtrhucvibxqi.net,14,1547,7,3,11,3,0,0,0.0,0.21428571428571427,0,0,0,2,2,1.0,1
660,bdnnrtgvvjeui.org,13,1416,7,3,10,1,0,0,0.0,0.23076923076923078,0,0,0,3,1,1.0,1
661,tkkrapqkhbawni.ru,14,1506,8,3,11,3,0,0,0.0,0.21428571428571427,1,0,0,2,1,1.0,1
662,ogrvglwugtneq.com,13,1436,7,3,10,3,0,0,0.0,0.23076923076923078,0,0,0,2,1,1.0,1
663,wtnfuykdysrol.co.uk,13,1461,8,2,11,3,0,0,0.0,0.15384615384615385,0,0,0,3,1,1.0,1
664,fgavtgcqmmahqj.ru,14,1489,8,2,12,2,0,0,0.0,0.14285714285714285,1,0,0,3,1,1.0,1
665,eqcyepfadtdrm.info,13,1385,6,3,10,3,0,0,0.0,0.23076923076923078,0,0,0,3,1,1.0,1
666,jerqkgtldsxmrj.biz,14,1532,7,1,13,1,0,0,0.0,0.07142857142857142,0,0,0,4,1,1.0,1
667,txeuntcemcwj.net,12,1313,6,3,9,2,0,0,0.0,0.25,0,0,0,3,1,1.0,1
668,sxlfoesqrgong.co.uk,13,1426,5,3,10,2,0,0,0.0,0.23076923076923078,0,0,0,4,1,1.0,1
669,pasjlqhoacogujl.info,15,1607,9,5,10,4,0,0,0.0,0.3333333333333333,1,0,0,3,1,1.0,1
670,pqnkuwtlhfurps.com,14,1566,7,2,12,2,0,0,0.0,0.14285714285714285,0,0,0,3,1,1.0,1
671,ouutoajwnlsvqk.org,14,1565,10,5,9,2,0,0,0.0,0.35714285714285715,1,0,0,2,1,1.0,1
672,aupnikblheqhr.biz,13,1390,7,4,9,3,0,0,0.0,0.3076923076923077,1,0,0,3,1,1.0,1
673,hhyiyjtpxxhe.co.uk,12,1334,6,2,10,1,0,0,0.0,0.16666666666666666,0,0,0,2,2,1.0,1
674,ibxdpcdtlksxdqv.ru,15,1631,7,1,14,1,0,0,0.0,0.06666666666666667,0,0,0,3,1,1.0,1
675,gtbfbsklxlfxaa.biz,14,1491,8,2,12,1,0,0,0.0,0.14285714285714285,2,0,0,2,1,1.0,1
676,hwrmrpeyhogmso.co.uk,14,1547,7,3,11,3,0,0,0.0,0.21428571428571427,0,0,0,3,1,1.0,1
677,nbrgyruyitutbw.org,14,1569,7,3,11,3,0,0,0.0,0.21428571428571427,1,0,0,3,1,1.0,1
678,pdpdmujchdujltw.info,15,1625,8,2,13,2,0,0,0.0,0.13333333333333333,0,0,0,3,1,1.0,1
679,kxdrrnpbdmyv.net,12,1323,7,0,12,1,0,0,0.0,0.0,0,0,0,3,1,1.0,1
680,auquqrhkfqqxhu.ru,14,1551,8,4,10,3,0,0,0.0,0.2857142857142857,0,0,0,3,1,1.0,1
681,utmyjbwbybxsqol.com,15,1670,8,2,13,4,0,0,0.0,0.13333333333333333,0,0,0,2,1,1.0,1
682,puhgdvflvtnri.net,13,1427,7,2,11,2,0,0,0.0,0.15384615384615385,0,0,0,3,1,1.0,1
683,bjjjtxegwpgj.info,12,1296,6,1,11,1,0,0,0.0,0.08333333333333333,0,0,0,3,1,1.0,1
684,clmsrfwdhhfcx.org,13,1395,7,0,13,0,0,0,0.0,0.0,0,0,0,3,1,1.0,1
685,vteyhohxxpffda.info,14,1528,7,3,11,3,0,0,0.0,0.21428571428571427,1,0,0,3,1,1.0,1
686,tkuyiqkbpadx.org,12,1313,7,3,9,2,0,0,0.0,0.25,0,0,0,3,1,1.0,1
687,mrifxnjwbrwt.org,12,1332,7,1,11,1,0,0,0.0,0.08333333333333333,1,0,0,2,1,1.0,1
688,ygtaeiqcqpkq.com,12,1300,6,3,9,2,0,0,0.0,0.25,0,0,0,3,1,1.0,1
689,hafajoklnawmm.info,13,1376,6,4,9,4,0,0,0.0,0.3076923076923077,0,0,0,3,1,1.0,1
690,jbxxcgiljkxmkdp.org,15,1620,8,1,14,1,0,0,0.0,0.06666666666666667,0,0,0,3,1,1.0,1
691,xjwehjkmggoueo.co.uk,14,1518,7,5,9,2,0,0,0.0,0.35714285714285715,0,0,0,3,1,1.0,1
692,gsgccqufojaah.org,13,1366,7,4,9,3,0,0,0.0,0.3076923076923077,1,0,0,3,1,1.0,1
693,jbrwkvlwrsqwfs.biz,14,1567,7,0,14,0,0,0,0.0,0.0,0,0,0,3,1,1.0,1
694,gbgxqblepxes.com,12,1292,6,2,10,2,0,0,0.0,0.16666666666666666,0,0,0,2,2,1.0,1
695,prcegfxtoutactq.net,15,1636,6,4,11,3,0,0,0.0,0.26666666666666666,1,1,0,4,1,1.0,1
696,sdlilsvwnscf.info,12,1314,6,1,11,1,0,0,0.0,0.08333333333333333,0,0,0,3,1,1.0,1
697,osabdiebjocgs.info,13,1359,5,5,8,4,0,0,0.0,0.38461538461538464,0,0,0,4,2,1.0,1
698,uejemyuhxmvovf.net,14,1554,7,5,9,4,0,0,0.0,0.35714285714285715,0,0,0,3,1,1.0,1
699,bvwjbnlbuadn.com,12,1279,7,2,10,1,0,0,0.0,0.16666666666666666,1,0,0,2,1,1.0,1
700,njuvwjffuvwug.co.uk,13,1454,8,3,10,3,0,0,0.0,0.23076923076923078,0,0,0,3,1,1.0,1
701,mcwgcsabdsbu.info,12,1269,6,2,10,2,0,0,0.0,0.16666666666666666,0,0,0,3,1,1.0,1
702,bkpkduivjdlasja.ru,15,1593,8,4,11,3,0,0,0.0,0.26666666666666666,1,0,0,3,1,1.0,1
703,opkupouvayscna.co.uk,14,1544,7,6,8,5,0,0,0.0,0.42857142857142855,1,0,0,3,1,1.0,1
704,otjhunonoxbfdl.ru,14,1524,6,4,10,4,0,0,0.0,0.2857142857142857,0,0,0,3,1,1.0,1
705,bayjmwwoxiclh.org,13,1416,7,3,10,3,0,0,0.0,0.23076923076923078,0,0,0,3,1,1.0,1
706,urvhduocnjuu.co.uk,12,1330,6,5,7,3,0,0,0.0,0.4166666666666667,0,0,0,3,1,1.0,1
707,snudpgyudfsdyap.net,15,1642,6,3,12,3,0,0,0.0,0.2,0,0,0,3,2,1.0,1
708,wpuunothttrfwu.biz,14,1590,7,4,10,3,0,0,0.0,0.2857142857142857,0,0,0,3,1,1.0,1
709,ffshoskghlop.ru,12,1294,5,2,10,2,0,0,0.0,0.16666666666666666,0,0,0,3,1,1.0,1
710,gxdwmtcvvoahimf.org,15,1630,7,3,12,2,0,0,0.0,0.2,0,0,0,3,1,1.0,1
711,cumxyoxwpdlgpc.info,14,1550,7,2,12,2,0,0,0.0,0.14285714285714285,0,0,0,3,1,1.0,1
712,tcriihpqmahcx.org,13,1397,6,3,10,2,0,0,0.0,0.23076923076923078,0,0,0,3,1,1.0,1
713,kmhnwcpioftby.ru,13,1413,6,2,11,2,0,0,0.0,0.15384615384615385,0,0,0,4,1,1.0,1
714,hgbteacsquqg.net,12,1279,5,3,9,2,0,0,0.0,0.25,1,0,0,3,2,1.0,1
715,wnuffkqyvkji.org,12,1327,8,2,10,3,0,0,0.0,0.16666666666666666,0,0,0,4,1,1.0,1
716,adfkmrifgwunqo.net,14,1509,6,4,10,4,0,0,0.0,0.2857142857142857,0,0,0,3,1,1.0,1
717,rwcgcoatkrtlpyf.org,15,1638,7,2,13,2,0,0,0.0,0.13333333333333333,1,1,0,4,1,1.0,1
718,vimbhtxyytevnj.ru,14,1563,6,2,12,3,0,0,0.0,0.14285714285714285,0,0,0,3,2,1.0,1
719,nfuippkpxordwxn.ru,15,1671,8,3,12,2,0,0,0.0,0.2,0,0,0,2,1,1.0,1
720,gayvycgcclubp.net,13,1395,5,2,11,3,0,0,0.0,0.15384615384615385,1,1,0,4,1,1.0,1
721,oxakwjejsfph.co.uk,12,1300,6,3,9,3,0,0,0.0,0.25,1,0,0,3,1,1.0,1
722,runmpdjvklds.org,12,1316,6,1,11,1,0,0,0.0,0.08333333333333333,1,1,0,3,1,1.0,1
723,dxdkleuklmvc.biz,12,1294,5,2,10,1,0,0,0.0,0.16666666666666666,0,0,0,3,2,1.0,1
724,mclqcihxugimps.com,14,1518,5,3,11,3,0,0,0.0,0.21428571428571427,0,0,0,5,2,1.0,1
725,veqetdcpthuh.info,12,1301,6,3,9,3,0,0,0.0,0.25,0,0,0,2,2,1.0,1
726,vhqbdsffvrgvbo.ru,14,1514,8,1,13,1,0,0,0.0,0.07142857142857142,0,0,0,3,1,1.0,1
727,vrqifpsevkpi.co.uk,12,1322,6,3,9,3,0,0,0.0,0.25,0,0,0,3,1,1.0,1
728,jdwpcqskjrvhyt.co.uk,14,1550,8,0,14,1,0,0,0.0,0.0,0,0,0,2,1,1.0,1
729,tcscedsruccwkx.net,14,1520,7,2,12,2,0,0,0.0,0.14285714285714285,0,0,0,4,1,1.0,1
730,gbgygdsaemwx.info,12,1289,6,2,10,2,0,0,0.0,0.16666666666666666,0,0,0,3,1,1.0,1
731,ikrkfolspfdhnb.biz,14,1495,7,2,12,2,0,0,0.0,0.14285714285714285,0,0,0,3,1,1.0,1
732,lfnomonxbxpv.ru,12,1329,6,2,10,2,0,0,0.0,0.16666666666666666,0,0,0,3,1,1.0,1
733,voiugvstqtpyt.info,13,1481,8,3,10,2,0,0,0.0,0.23076923076923078,0,0,0,2,1,1.0,1
734,huyonatlmdpu.ru,12,1322,5,4,8,3,0,0,0.0,0.3333333333333333,0,0,0,3,2,1.0,1
735,amixcosdeddrlst.com,15,1610,7,4,11,4,0,0,0.0,0.26666666666666666,2,1,0,3,1,1.0,1
736,kkeolnmcjxksdke.co.uk,15,1608,8,3,12,1,0,0,0.0,0.2,0,0,0,3,1,1.0,1
737,bgpheagkcgljhw.net,14,1464,8,2,12,1,0,0,0.0,0.14285714285714285,0,0,0,3,1,1.0,1
738,aaybhlwvugpt.biz,12,1310,7,3,9,2,0,0,0.0,0.25,2,0,0,2,1,1.0,1
739,mnynmsmhlwvq.org,12,1345,7,0,12,1,0,0,0.0,0.0,0,0,0,2,1,1.0,1
740,xymyvhejbkxd.info,12,1325,6,1,11,3,0,0,0.0,0.08333333333333333,0,0,0,3,1,1.0,1
741,pgvflaqtluiwdg.ru,14,1521,7,3,11,2,0,0,0.0,0.21428571428571427,1,0,0,3,1,1.0,1
742,mogjivihpclb.co.uk,12,1278,6,3,9,3,0,0,0.0,0.25,0,0,0,3,1,1.0,1
743,jddqgeskvxmlxua.info,15,1634,8,3,12,2,0,0,0.0,0.2,1,0,0,3,1,1.0,1
744,mhyqexaunltesvt.biz,15,1666,8,4,11,4,0,0,0.0,0.26666666666666666,1,0,0,3,1,1.0,1
745,shdgcwtogdfvobc.co.uk,15,1598,8,2,13,2,0,0,0.0,0.13333333333333333,0,0,0,3,1,1.0,1
746,qvvtoiegwvwm.biz,12,1350,7,3,9,1,0,0,0.0,0.25,0,0,0,2,1,1.0,1
747,wilaelqdahshc.com,13,1370,6,4,9,3,0,0,0.0,0.3076923076923077,1,0,0,4,1,1.0,1
748,xvsbbadayriu.info,12,1300,6,4,8,3,0,0,0.0,0.3333333333333333,2,0,1,3,1,1.0,1
749,coeixymoeyapux.ru,14,1545,6,7,7,4,0,0,0.0,0.5,0,0,0,3,1,1.0,1
750,sgaafglwvvvcnr.net,14,1521,6,2,12,1,0,0,0.0,0.14285714285714285,0,0,0,3,1,1.0,1
751,iidasxpvcfkat.net,13,1393,5,4,9,3,0,0,0.0,0.3076923076923077,0,0,0,4,2,1.0,1
752,ciwjvmjssvyqf.info,13,1446,8,1,12,2,0,0,0.0,0.07692307692307693,0,0,0,3,1,1.0,1
753,onxnrlwcmymqmjt.co.uk,15,1674,8,1,14,2,0,0,0.0,0.06666666666666667,0,0,0,3,1,1.0,1
754,ueamvheicusfher.net,15,1604,6,7,8,4,0,0,0.0,0.4666666666666667,0,0,0,4,1,1.0,1
755,xondfvkegtkmleg.org,15,1616,7,3,12,3,0,0,0.0,0.2,1,1,0,3,1,1.0,1
756,ifkludapjlpx.biz,12,1294,6,3,9,3,0,0,0.0,0.25,1,0,0,3,1,1.0,1
757,tmsjgagquulj.ru,12,1310,6,3,9,2,0,0,0.0,0.25,0,0,0,3,1,1.0,1
758,jedlmybktlfw.net,12,1295,6,1,11,2,0,0,0.0,0.08333333333333333,0,0,0,3,1,1.0,1
759,ysfodefupiwx.ru,12,1325,6,4,8,5,0,0,0.0,0.3333333333333333,0,0,0,3,1,1.0,1
760,osdcyqpdxyrjveu.biz,15,1668,8,3,12,4,0,0,0.0,0.2,0,0,0,3,1,1.0,1
761,baghqeyusmkcx.ru,13,1404,5,3,10,2,0,0,0.0,0.23076923076923078,0,0,0,4,2,1.0,1
762,xevshbsxumiiyjv.com,15,1672,7,4,11,3,0,0,0.0,0.26666666666666666,0,0,0,3,1,1.0,1
763,hsslxfiqoacwk.ru,13,1415,8,3,10,2,0,0,0.0,0.23076923076923078,1,0,0,3,1,1.0,1
764,ncbkangvkootdu.net,14,1504,5,4,10,3,0,0,0.0,0.2857142857142857,0,0,0,4,2,1.0,1
765,tjhcfihxbayen.org,13,1383,6,3,10,2,0,0,0.0,0.23076923076923078,0,0,0,3,2,1.0,1
766,jrfgrieuwiyl.ru,12,1315,5,4,8,2,0,0,0.0,0.3333333333333333,0,0,0,4,2,1.0,1
767,rdfjhwqstsrry.net,13,1453,7,0,13,1,0,0,0.0,0.0,0,0,0,3,1,1.0,1
768,dgypnvdgrwdfmyl.biz,15,1640,7,0,15,2,0,0,0.0,0.0,0,0,0,3,1,1.0,1
769,cobkjcsvjolwde.co.uk,14,1498,6,3,11,2,0,0,0.0,0.21428571428571427,0,0,0,3,1,1.0,1
770,acknmsfeptsowq.ru,14,1526,6,3,11,3,0,0,0.0,0.21428571428571427,0,0,0,3,2,1.0,1
771,emugolaywfpq.ru,12,1313,6,4,8,4,0,0,0.0,0.3333333333333333,2,2,2,3,1,1.0,1
772,gfmrmhewuuhgdr.net,14,1516,7,3,11,2,0,0,0.0,0.21428571428571427,0,0,0,3,1,1.0,1
773,cvjnemwvrjgub.biz,13,1418,7,2,11,2,0,0,0.0,0.15384615384615385,0,0,0,3,1,1.0,1
774,arihvmiwobucne.info,14,1507,6,6,8,5,0,0,0.0,0.42857142857142855,0,0,0,3,1,1.0,1
775,chrcvxdgatwg.net,12,1292,5,1,11,1,0,0,0.0,0.08333333333333333,0,0,0,3,2,1.0,1
776,tnraefmsfulvemv.net,15,1637,7,4,11,3,0,0,0.0,0.26666666666666666,0,0,0,3,1,1.0,1
777,kdwlpxhkbrpdao.co.uk,14,1509,7,2,12,1,0,0,0.0,0.14285714285714285,0,0,0,3,1,1.0,1
778,arwtbhowcifvarw.biz,15,1632,8,4,11,4,0,0,0.0,0.26666666666666666,2,0,0,3,1,1.0,1
779,yqjoefodtglaebl.biz,15,1596,8,5,10,4,0,0,0.0,0.3333333333333333,0,0,0,3,1,1.0,1
780,rjqkvxdguhvf.biz,12,1322,7,1,11,1,0,0,0.0,0.08333333333333333,0,0,0,2,1,1.0,1
781,xdouxdxcljlfbcl.biz,15,1616,7,2,13,1,0,0,0.0,0.13333333333333333,0,0,0,4,1,1.0,1
782,klbqptfoqljqvkt.net,15,1648,8,1,14,1,0,0,0.0,0.06666666666666667,0,0,0,2,1,1.0,1
783,qabbftoctykvpum.net,15,1634,8,3,12,4,0,0,0.0,0.2,0,0,0,3,1,1.0,1
784,ttksnttanwwld.net,13,1449,6,1,12,1,0,0,0.0,0.07692307692307693,0,0,0,3,2,1.0,1
785,qwpybopnkvaavj.biz,14,1539,9,3,11,3,0,0,0.0,0.21428571428571427,2,0,0,3,1,1.0,1
786,qseikrmyhksja.com,13,1414,7,3,10,3,0,0,0.0,0.23076923076923078,1,0,0,3,1,1.0,1
787,matalgkqudimi.biz,13,1386,6,5,8,5,0,0,0.0,0.38461538461538464,0,0,0,4,1,1.0,1
788,pelydcvymwxeknb.info,15,1644,8,2,13,4,0,0,0.0,0.13333333333333333,0,0,0,3,1,1.0,1
789,kysxmhcguyvekks.info,15,1664,7,2,13,3,0,0,0.0,0.13333333333333333,1,1,0,3,1,1.0,1
790,euqivljdbxcxq.org,13,1418,7,3,10,2,0,0,0.0,0.23076923076923078,0,0,0,3,1,1.0,1
791,orxuasrolapj.net,12,1322,6,5,7,4,0,0,0.0,0.4166666666666667,0,0,0,3,1,1.0,1
792,sjoijhytfgvla.net,13,1412,7,3,10,3,0,0,0.0,0.23076923076923078,0,0,0,3,1,1.0,1
793,rkqvrwdhrcipkd.com,14,1526,7,1,13,1,0,0,0.0,0.07142857142857142,0,0,0,3,1,1.0,1
794,iggjfdtwjnxf.biz,12,1292,6,1,11,1,0,0,0.0,0.08333333333333333,0,0,0,3,1,1.0,1
795,wchatokitwdthr.com,14,1527,5,3,11,3,0,0,0.0,0.21428571428571427,0,0,0,4,2,1.0,1
796,hujaikfyywtq.net,12,1328,6,3,9,3,0,0,0.0,0.25,0,0,0,3,1,1.0,1
797,lmklusayxrhfww.org,14,1560,8,2,12,2,0,0,0.0,0.14285714285714285,0,0,0,3,1,1.0,1
798,vrlsxlulvmnmk.info,13,1461,7,1,12,1,0,0,0.0,0.07692307692307693,0,0,0,3,1,1.0,1
799,xepwcavirujrbu.com,14,1537,6,5,9,5,0,0,0.0,0.35714285714285715,0,0,0,3,2,1.0,1
800,xfotcsaavmca.biz,12,1280,5,4,8,3,0,0,0.0,0.3333333333333333,0,0,0,3,1,1.0,1
801,slclohbsrjahx.com,13,1399,6,2,11,2,0,0,0.0,0.15384615384615385,0,0,0,3,1,1.0,1
802,ekaumreycunn.net,12,1303,5,5,7,4,0,0,0.0,0.4166666666666667,0,0,0,3,1,1.0,1
803,vmkeexjfralx.ru,12,1303,6,3,9,2,0,0,0.0,0.25,0,0,0,3,1,1.0,1
804,tjlyjsdgdpmiigs.info,15,1624,6,2,13,2,0,0,0.0,0.13333333333333333,0,0,0,3,2,1.0,1
805,sfqlawtxsphrci.co.uk,14,1539,7,2,12,2,0,0,0.0,0.14285714285714285,1,0,0,3,1,1.0,1
806,iurqklfyrtwv.org,12,1354,6,2,10,2,0,0,0.0,0.16666666666666666,0,0,0,3,1,1.0,1
807,dmnfputklhjpfr.ru,14,1519,7,1,13,1,0,0,0.0,0.07142857142857142,1,1,0,3,1,1.0,1
808,yslplyregsbxbne.ru,15,1645,7,2,13,3,0,0,0.0,0.13333333333333333,0,0,0,4,1,1.0,1
809,iltejhtlryypl.info,13,1440,7,2,11,3,0,0,0.0,0.15384615384615385,0,0,0,3,1,1.0,1
810,wgyuvfkxkovfrk.ru,14,1566,8,2,12,2,0,0,0.0,0.14285714285714285,0,0,0,3,1,1.0,1
811,lybquoukyggqlxs.com,15,1675,8,3,12,3,0,0,0.0,0.2,0,0,0,3,1,1.0,1
812,qaaepodedahnslq.ru,15,1579,7,6,9,4,0,0,0.0,0.4,1,0,0,4,1,1.0,1
813,clawebpdidjovsb.org,15,1587,7,4,11,4,0,0,0.0,0.26666666666666666,0,0,0,4,1,1.0,1
814,klulxaxxpkmkpt.com,14,1560,8,2,12,2,0,0,0.0,0.14285714285714285,1,0,0,2,1,1.0,1
815,cmeeilbmauph.info,12,1260,6,5,7,2,0,0,0.0,0.4166666666666667,0,0,0,3,1,1.0,1
816,vatqcoxfccvxctu.info,15,1644,7,3,12,3,0,0,0.0,0.2,0,0,0,3,1,1.0,1
817,sbtsnxqtxlbl.org,12,1337,6,0,12,0,0,0,0.0,0.0,0,0,0,3,1,1.0,1
818,yjecvpeglmjosff.net,15,1614,7,3,12,4,0,0,0.0,0.2,0,0,0,3,1,1.0,1
819,nbupdesjcurjvo.org,14,1524,7,4,10,4,0,0,0.0,0.2857142857142857,0,0,0,3,1,1.0,1
820,itchgoesjlyomg.info,14,1512,5,4,10,3,0,0,0.0,0.2857142857142857,0,0,0,4,1,1.0,1
821,qhcdtbjffmvvh.biz,13,1389,6,0,13,0,0,0,0.0,0.0,0,0,0,3,1,1.0,1
822,bfrwtqcpghpg.ru,12,1295,7,0,12,0,0,0,0.0,0.0,0,0,0,2,1,1.0,1
823,watkhlaqtwoa.co.uk,12,1304,5,4,8,3,0,0,0.0,0.3333333333333333,2,0,0,3,1,1.0,1
824,pvgrjxwxbxrklu.com,14,1576,8,1,13,1,0,0,0.0,0.07142857142857142,0,0,0,3,1,1.0,1
825,niaxurpnlcgcrw.ru,14,1527,6,3,11,2,0,0,0.0,0.21428571428571427,0,0,0,3,2,1.0,1
826,pipmgsbdsprdax.co.uk,14,1512,5,2,12,2,0,0,0.0,0.14285714285714285,0,0,0,3,2,1.0,1
827,cskdxiatepxdpb.biz,14,1502,8,3,11,2,0,0,0.0,0.21428571428571427,0,0,0,3,1,1.0,1
828,fwvhltnmshsd.org,12,1320,6,0,12,0,0,0,0.0,0.0,0,0,0,2,2,1.0,1
829,gtigllpbdrhy.ru,12,1292,6,1,11,2,0,0,0.0,0.08333333333333333,0,0,0,3,1,1.0,1
830,fckrvymrfkdbg.org,13,1394,7,0,13,1,0,0,0.0,0.0,0,0,0,2,1,1.0,1
831,vebevveyywekc.co.uk,13,1423,6,4,9,4,0,0,0.0,0.3076923076923077,0,0,0,3,2,1.0,1
832,mpujjdwpcquff.info,13,1414,6,2,11,2,0,0,0.0,0.15384615384615385,0,0,0,3,2,1.0,1
833,gqowsqoxbxla.net,12,1328,6,3,9,3,0,0,0.0,0.25,0,0,0,2,2,1.0,1
834,vpsjkdmdxuln.org,12,1322,6,1,11,1,0,0,0.0,0.08333333333333333,0,0,0,3,1,1.0,1
835,yiruujnxibdiyf.biz,14,1541,7,5,9,4,0,0,0.0,0.35714285714285715,0,0,0,3,1,1.0,1
836,ywsxhatwkyufda.net,14,1555,7,3,11,4,0,0,0.0,0.21428571428571427,0,0,0,3,1,1.0,1
837,lubqaomadvcmvo.biz,14,1505,6,5,9,4,0,0,0.0,0.35714285714285715,0,0,0,3,1,1.0,1
838,gssqlxcpswwkm.biz,13,1454,6,0,13,0,0,0,0.0,0.0,0,0,0,3,2,1.0,1
839,vfkcnbhwhtab.biz,12,1272,6,1,11,1,0,0,0.0,0.08333333333333333,0,0,0,3,1,1.0,1
840,cxgvoraglnnsedf.net,15,1611,8,3,12,3,0,0,0.0,0.2,1,0,0,3,1,1.0,1
841,gcgjmbkrtwojll.co.uk,14,1507,7,1,13,1,0,0,0.0,0.07142857142857142,1,0,0,3,1,1.0,1
842,mpopjtrrngoe.org,12,1319,7,3,9,2,0,0,0.0,0.25,2,2,1,3,1,1.0,1
843,mvbkxjmsokrah.ru,13,1415,6,2,11,2,0,0,0.0,0.15384615384615385,0,0,0,4,1,1.0,1
844,wjutikmksyev.org,12,1341,6,3,9,3,0,0,0.0,0.25,0,0,0,3,1,1.0,1
845,jxqokuubhhhgk.co.uk,13,1411,7,3,10,2,0,0,0.0,0.23076923076923078,0,0,0,3,1,1.0,1
846,ayhonubhotifuro.org,15,1638,6,7,8,7,0,0,0.0,0.4666666666666667,0,0,0,4,1,1.0,1
847,blimhejivhdis.net,13,1378,6,4,9,4,0,0,0.0,0.3076923076923077,0,0,0,3,1,1.0,1
848,eqcebaxgcjwccfs.com,15,1571,8,3,12,3,0,0,0.0,0.2,1,0,0,3,1,1.0,1
849,hpccnilgkomgj.net,13,1376,6,2,11,2,0,0,0.0,0.15384615384615385,0,0,0,3,1,1.0,1
850,qaqssyvkymkkk.biz,13,1450,6,1,12,3,0,0,0.0,0.07692307692307693,0,0,0,3,1,1.0,1
851,qgtxmtdadpqcex.net,14,1519,7,2,12,2,0,0,0.0,0.14285714285714285,0,0,0,3,1,1.0,1
852,yqykcxyntkyo.co.uk,12,1367,7,1,11,4,0,0,0.0,0.08333333333333333,0,0,0,3,1,1.0,1
853,koixbmbvxbrlyi.org,14,1532,7,3,11,2,0,0,0.0,0.21428571428571427,0,0,0,3,1,1.0,1
854,hjusdtkkrjmt.biz,12,1317,6,1,11,1,0,0,0.0,0.08333333333333333,0,0,0,3,1,1.0,1
855,ibcemyjmstkhqc.com,14,1502,7,2,12,3,0,0,0.0,0.14285714285714285,0,0,0,3,1,1.0,1
856,ttalxqgdgonuo.biz,13,1425,8,4,9,3,0,0,0.0,0.3076923076923077,1,1,1,3,1,1.0,1
857,laxekndyaacbu.org,13,1372,6,5,8,4,0,0,0.0,0.38461538461538464,0,0,0,3,1,1.0,1
858,xkjmquwythjryn.co.uk,14,1583,8,1,13,3,0,0,0.0,0.07142857142857142,0,0,0,2,1,1.0,1
859,sfbdbdqccfxlrbh.org,15,1570,8,0,15,0,0,0,0.0,0.0,0,0,0,3,1,1.0,1
860,uqnbdkoecyiok.org,13,1400,8,5,8,3,0,0,0.0,0.38461538461538464,0,0,0,2,1,1.0,1
861,depfatplmqyxk.net,13,1418,7,2,11,3,0,0,0.0,0.15384615384615385,1,1,1,3,1,1.0,1
862,sqxmtgblhldx.biz,12,1314,6,0,12,0,0,0,0.0,0.0,0,0,0,2,2,1.0,1
863,xkqtqmfbwmnd.net,12,1316,7,0,12,0,0,0,0.0,0.0,0,0,0,2,1,1.0,1
864,imlpierutdtsq.com,13,1431,6,4,9,3,0,0,0.0,0.3076923076923077,0,0,0,4,1,1.0,1
865,bryrvwkrqyrxt.com,13,1489,7,0,13,2,0,0,0.0,0.0,0,0,0,2,1,1.0,1
866,sukplhyjiujwri.co.uk,14,1556,7,4,10,4,0,0,0.0,0.2857142857142857,0,0,0,3,1,1.0,1
867,qloalphbsrldjst.info,15,1625,7,2,13,1,0,0,0.0,0.13333333333333333,0,0,0,4,1,1.0,1
868,edjetkdwdawvqgs.ru,15,1615,8,3,12,3,0,0,0.0,0.2,0,0,0,3,1,1.0,1
869,bhkifsonjheyq.ru,13,1397,7,3,10,3,0,0,0.0,0.23076923076923078,2,0,0,3,1,1.0,1
870,oqcydwghxgghdd.org,14,1500,7,1,13,2,0,0,0.0,0.07142857142857142,0,0,0,3,1,1.0,1
871,kgyrfmeehimex.biz,13,1397,6,4,9,4,0,0,0.0,0.3076923076923077,0,0,0,5,1,1.0,1
872,sxhmaxkgsfboq.biz,13,1414,7,2,11,2,0,0,0.0,0.15384615384615385,0,0,0,3,1,1.0,1
873,otwtpieqfvwou.com,13,1460,7,5,8,3,0,0,0.0,0.38461538461538464,1,0,0,3,1,1.0,1
874,pymkybpqaewiwnf.biz,15,1646,8,3,12,4,0,0,0.0,0.2,1,0,0,3,1,1.0,1
875,yiaehjmndtkxfp.co.uk,14,1510,9,3,11,1,0,0,0.0,0.21428571428571427,1,0,0,2,1,1.0,1
876,ilfbooulbuybn.com,13,1404,6,5,8,3,0,0,0.0,0.38461538461538464,1,1,0,3,1,1.0,1
877,wwhagbckiudai.info,13,1370,6,5,8,3,0,0,0.0,0.38461538461538464,0,0,0,3,1,1.0,1
878,ecpeywwdbhvmqh.net,14,1518,6,2,12,2,0,0,0.0,0.14285714285714285,0,0,0,3,2,1.0,1
879,oqxtqbubruwfpv.co.uk,14,1568,9,3,11,3,0,0,0.0,0.21428571428571427,0,0,0,3,1,1.0,1
880,nxraalefuigiutv.org,15,1630,7,7,8,4,0,0,0.0,0.4666666666666667,0,0,0,4,1,1.0,1
881,ngqegwwmdiuxosb.ru,15,1643,7,4,11,3,0,0,0.0,0.26666666666666666,0,0,0,3,1,1.0,1
882,llajbeiyccsry.biz,13,1392,6,3,10,3,0,0,0.0,0.23076923076923078,0,0,0,3,1,1.0,1
883,byxwaawroqygxe.biz,14,1554,8,4,10,4,0,0,0.0,0.2857142857142857,0,0,0,3,1,1.0,1
884,lmfgeihjldovod.co.uk,14,1486,7,4,10,3,0,0,0.0,0.2857142857142857,0,0,0,3,1,1.0,1
885,kndhtiyfqhtwm.ru,13,1426,8,1,12,1,0,0,0.0,0.07692307692307693,0,0,0,3,1,1.0,1
886,hlvsoqmkshqyqw.info,14,1570,9,1,13,2,0,0,0.0,0.07142857142857142,0,0,0,3,1,1.0,1
887,qrrglnbwxpbrq.ru,13,1436,7,0,13,0,0,0,0.0,0.0,0,0,0,3,1,1.0,1
888,kgxmoqabqxict.org,13,1411,7,3,10,3,0,0,0.0,0.23076923076923078,0,0,0,3,1,1.0,1
889,yurdtnenxqsrq.co.uk,13,1464,7,2,11,2,0,0,0.0,0.15384615384615385,0,0,0,3,1,1.0,1
890,lhurlmcrwdtvtx.ru,14,1562,6,1,13,1,0,0,0.0,0.07142857142857142,0,0,0,4,1,1.0,1
891,qyknwyqwarag.com,12,1334,7,2,10,4,0,0,0.0,0.16666666666666666,1,1,0,3,1,1.0,1
892,xugxigedpewv.co.uk,12,1319,6,4,8,4,0,0,0.0,0.3333333333333333,0,0,0,3,1,1.0,1
893,liqrptcfkgvigh.ru,14,1509,7,2,12,2,0,0,0.0,0.14285714285714285,0,0,0,3,1,1.0,1
894,dmrdvgapjywem.org,13,1409,6,2,11,3,0,0,0.0,0.15384615384615385,0,0,0,3,1,1.0,1
895,vilojvbuihflqw.net,14,1532,7,4,10,3,0,0,0.0,0.2857142857142857,0,0,0,3,1,1.0,1
896,xvkarfmtyrungm.net,14,1557,6,2,12,3,0,0,0.0,0.14285714285714285,0,0,0,4,1,1.0,1
897,luygdjujhefe.co.uk,12,1286,6,4,8,3,0,0,0.0,0.3333333333333333,0,0,0,2,2,1.0,1
898,jceaiehushbj.net,12,1253,5,5,7,2,0,0,0.0,0.4166666666666667,0,0,0,4,1,1.0,1
899,kqxiirrleoeefe.ru,14,1503,7,7,7,2,0,0,0.0,0.5,0,0,0,3,1,1.0,1
900,abjpuiwouxolbhe.co.uk,15,1624,8,7,8,4,0,0,0.0,0.4666666666666667,1,0,0,3,1,1.0,1
901,qirgkrmhqfonxuj.info,15,1648,8,3,12,3,0,0,0.0,0.2,0,0,0,3,1,1.0,1
902,xgfdbviffecydpb.info,15,1581,6,2,13,3,0,0,0.0,0.13333333333333333,0,0,0,3,2,1.0,1
903,rbundcofvjrhpjp.com,15,1623,8,2,13,2,0,0,0.0,0.13333333333333333,0,0,0,4,1,1.0,1
904,mtnqthvqfmtnnd.co.uk,14,1546,7,0,14,0,0,0,0.0,0.0,0,0,0,3,1,1.0,1
905,oftlbqitlumjsnx.co.uk,15,1654,8,3,12,3,0,0,0.0,0.2,1,0,0,2,1,1.0,1
906,tdsyteaaxyijld.co.uk,14,1523,7,4,10,3,0,0,0.0,0.2857142857142857,2,0,0,3,1,1.0,1
907,lnxlpdrlnjqjik.info,14,1527,8,1,13,1,0,0,0.0,0.07142857142857142,0,0,0,2,1,1.0,1
908,cpsxqvgjspoo.org,12,1335,6,2,10,1,0,0,0.0,0.16666666666666666,0,0,0,3,1,1.0,1
909,kacocwgwvvnjhi.net,14,1515,7,3,11,3,0,0,0.0,0.21428571428571427,0,0,0,3,1,1.0,1
910,btprdnkoydqo.co.uk,12,1313,6,2,10,2,0,0,0.0,0.16666666666666666,0,0,0,2,2,1.0,1
911,nbayuaetivfdhk.biz,14,1493,6,5,9,2,0,0,0.0,0.35714285714285715,0,0,0,3,1,1.0,1
912,pibsuxlqerfpoq.com,14,1541,7,4,10,4,0,0,0.0,0.2857142857142857,0,0,0,3,1,1.0,1
913,ogqwyauqakgtsya.org,15,1650,8,5,10,4,0,0,0.0,0.3333333333333333,0,0,0,3,1,1.0,1
914,yqiroadfdhirsdh.org,15,1605,7,4,11,4,0,0,0.0,0.26666666666666666,1,0,0,4,1,1.0,1
915,inwdohhpyqieusp.co.uk,15,1649,8,5,10,4,0,0,0.0,0.3333333333333333,0,0,0,3,1,1.0,1
916,vaqudjugrhpr.com,12,1315,6,3,9,3,0,0,0.0,0.25,0,0,0,3,1,1.0,1
917,qshhfhpewkanm.co.uk,13,1397,6,2,11,2,0,0,0.0,0.15384615384615385,0,0,0,3,1,1.0,1
918,orcbucmlfaqdcd.org,14,1466,6,3,11,3,0,0,0.0,0.21428571428571427,0,0,0,3,2,1.0,1
919,gjndyqcdbfugv.org,13,1390,7,1,12,2,0,0,0.0,0.07692307692307693,0,0,0,3,1,1.0,1
920,elvswswhldbs.net,12,1320,5,1,11,1,0,0,0.0,0.08333333333333333,0,0,0,3,2,1.0,1
921,fiayyafvldtxanm.org,15,1623,7,4,11,2,0,0,0.0,0.26666666666666666,0,0,0,4,1,1.0,1
922,nwwupaesqubqm.com,13,1440,7,4,9,3,0,0,0.0,0.3076923076923077,1,0,0,4,1,1.0,1
923,qyuwcrjnrqlps.biz,13,1461,7,1,12,1,0,0,0.0,0.07692307692307693,0,0,0,3,1,1.0,1
924,isybdrraeixbxqp.org,15,1633,7,4,11,3,0,0,0.0,0.26666666666666666,0,0,0,3,2,1.0,1
925,rsotgcwjfydvmu.biz,14,1550,8,2,12,3,0,0,0.0,0.14285714285714285,0,0,0,3,1,1.0,1
926,qilwxbmvilyr.info,12,1338,6,2,10,3,0,0,0.0,0.16666666666666666,0,0,0,3,1,1.0,1
927,tlabeoelifrh.net,12,1265,7,5,7,3,0,0,0.0,0.4166666666666667,1,0,0,2,1,1.0,1
928,kfvhbscgoole.co.uk,12,1277,4,3,9,1,0,0,0.0,0.25,0,0,0,5,2,1.0,1
929,afscwvrppounp.info,13,1438,7,3,10,2,0,0,0.0,0.23076923076923078,1,0,0,3,1,1.0,1
930,ekgbrvtuteiifp.ru,14,1515,6,5,9,3,0,0,0.0,0.35714285714285715,0,0,0,3,2,1.0,1
931,aqgtyjjalpcavs.biz,14,1508,7,3,11,4,0,0,0.0,0.21428571428571427,2,0,0,4,1,1.0,1
932,uamvxkwfsxnlmmn.biz,15,1670,9,2,13,1,0,0,0.0,0.13333333333333333,1,0,0,3,1,1.0,1
933,hmboqkoyhdnqvk.co.uk,14,1526,9,2,12,2,0,0,0.0,0.14285714285714285,0,0,0,2,1,1.0,1
934,sxlmmfrpnauqhes.com,15,1646,8,3,12,2,0,0,0.0,0.2,0,0,0,3,1,1.0,1
935,xryyrpvpndvq.net,12,1373,7,0,12,1,0,0,0.0,0.0,0,0,0,3,1,1.0,1
936,kbiklvbixtgar.com,13,1396,6,3,10,3,0,0,0.0,0.23076923076923078,0,0,0,3,1,1.0,1
937,ltfqtkyaigvcwh.biz,14,1528,7,2,12,1,0,0,0.0,0.14285714285714285,0,0,0,3,1,1.0,1
938,wfpsdlvtquhauxr.org,15,1672,7,3,12,2,0,0,0.0,0.2,0,0,0,4,1,1.0,1
939,ubgqaekgkhuvon.info,14,1506,7,5,9,4,0,0,0.0,0.35714285714285715,1,0,0,3,1,1.0,1
940,bkhclfnbtcaoff.net,14,1453,6,2,12,1,0,0,0.0,0.14285714285714285,1,0,0,3,1,1.0,1
941,mxahbtrmhieg.com,12,1280,6,3,9,2,0,0,0.0,0.25,1,0,0,3,1,1.0,1
942,bmocdfsjjkudyn.org,14,1501,7,2,12,3,0,0,0.0,0.14285714285714285,0,0,0,3,1,1.0,1
943,raqllgvgyxcsv.ru,13,1437,6,1,12,2,0,0,0.0,0.07692307692307693,0,0,0,3,1,1.0,1
944,qsvqeucyytbrmlu.com,15,1680,8,3,12,3,0,0,0.0,0.2,0,0,0,3,1,1.0,1
945,vuawrvhapwbwyo.info,14,1564,7,4,10,3,0,0,0.0,0.2857142857142857,0,0,0,3,1,1.0,1
946,nvbdqrtnxcogv.org,13,1430,7,1,12,1,0,0,0.0,0.07692307692307693,0,0,0,3,1,1.0,1
947,fxigxisqlvewqu.net,14,1559,7,4,10,4,0,0,0.0,0.2857142857142857,0,0,0,3,1,1.0,1
948,dnmjgbaitvreser.biz,15,1607,6,4,11,3,0,0,0.0,0.26666666666666666,1,0,0,4,2,1.0,1
949,ixcjmtnhcwcdqg.ru,14,1502,6,1,13,1,0,0,0.0,0.07142857142857142,0,0,0,3,2,1.0,1
950,waekjrlmtkget.org,13,1404,6,3,10,2,0,0,0.0,0.23076923076923078,0,0,0,3,1,1.0,1
951,ftinqlxqqppwei.ru,14,1549,7,3,11,2,0,0,0.0,0.21428571428571427,0,0,0,3,1,1.0,1
952,omibdkohwhiai.net,13,1375,5,6,7,4,0,0,0.0,0.46153846153846156,0,0,0,3,2,1.0,1
953,lowrocqicvjjx.org,13,1429,6,3,10,3,0,0,0.0,0.23076923076923078,1,0,1,3,1,1.0,1
954,jymihvvlyqini.co.uk,13,1443,7,3,10,5,0,0,0.0,0.23076923076923078,0,0,0,3,1,1.0,1
955,oipoynoxbmeopq.co.uk,14,1545,8,6,8,4,0,0,0.0,0.42857142857142855,0,0,0,3,1,1.0,1
956,ukypwwleeyedh.ru,13,1431,7,4,9,3,0,0,0.0,0.3076923076923077,0,0,0,4,1,1.0,1
957,agubhwfnxyhefv.biz,14,1516,8,3,11,4,0,0,0.0,0.21428571428571427,1,0,0,2,1,1.0,1
958,mkcasuandxrdn.info,13,1395,7,3,10,2,0,0,0.0,0.23076923076923078,0,0,0,3,1,1.0,1
959,frtoabmoqsqsimp.com,15,1640,7,4,11,3,0,0,0.0,0.26666666666666666,1,0,0,3,1,1.0,1
960,iwhfpmgjgnmcfc.com,14,1482,6,1,13,1,0,0,0.0,0.07142857142857142,0,0,0,4,1,1.0,1
961,bdosipkymtiwh.biz,13,1422,5,3,10,4,0,0,0.0,0.23076923076923078,0,0,0,4,1,1.0,1
962,lndcgqehvqehn.org,13,1384,7,2,11,2,0,0,0.0,0.15384615384615385,0,0,0,2,1,1.0,1
963,daiaajclxlswov.org,14,1500,6,5,9,2,0,0,0.0,0.35714285714285715,1,0,0,4,1,1.0,1
964,ivyhcuylqymmpy.org,14,1578,8,2,12,5,0,0,0.0,0.14285714285714285,0,0,0,3,1,1.0,1
965,cpxtrpyogjcdako.org,15,1628,7,3,12,3,0,0,0.0,0.2,0,0,0,3,1,1.0,1
966,tlnckgyyaxljogt.com,15,1646,7,2,13,2,0,0,0.0,0.13333333333333333,0,0,0,3,1,1.0,1
967,ruuggktxnqye.ru,12,1342,7,3,9,2,0,0,0.0,0.25,0,0,0,2,1,1.0,1
968,dsjfhfhuehmypp.org,14,1509,8,2,12,2,0,0,0.0,0.14285714285714285,0,0,0,3,1,1.0,1
969,ijmkfxxtncbbrq.info,14,1517,7,1,13,1,0,0,0.0,0.07142857142857142,0,0,0,3,1,1.0,1
970,madfaqhdmgmfkbc.net,15,1549,6,2,13,2,0,0,0.0,0.13333333333333333,0,0,0,3,2,1.0,1
971,noiopseyuvbiga.net,14,1524,6,7,7,4,0,0,0.0,0.5,2,0,1,3,1,1.0,1
972,fdbtadfdxpty.com,12,1284,5,1,11,2,0,0,0.0,0.08333333333333333,0,0,0,3,2,1.0,1
973,ljfbmcwfapgb.info,12,1253,7,1,11,1,0,0,0.0,0.08333333333333333,0,0,0,3,1,1.0,1
974,eahfajtrvfexbio.ru,15,1592,8,6,9,4,0,0,0.0,0.4,1,0,0,3,1,1.0,1
975,nvwjicrurpmt.info,12,1339,6,2,10,2,0,0,0.0,0.16666666666666666,0,0,0,3,1,1.0,1
976,oubvhctabkimxjs.org,15,1620,8,4,11,3,0,0,0.0,0.26666666666666666,0,0,0,3,1,1.0,1
977,ovuflrwypjwmux.biz,14,1593,7,3,11,4,0,0,0.0,0.21428571428571427,0,0,0,3,1,1.0,1
978,ypjrogsyiloxmeq.co.uk,15,1670,8,4,11,5,0,0,0.0,0.26666666666666666,0,0,0,3,1,1.0,1
979,goxtbuadhvfr.biz,12,1300,5,3,9,2,0,0,0.0,0.25,1,1,1,3,2,1.0,1
980,nbbefbmmdyuo.info,12,1274,7,3,9,2,0,0,0.0,0.25,0,0,0,2,1,1.0,1
981,twoijfyapsye.com,12,1326,5,4,8,3,0,0,0.0,0.3333333333333333,1,0,0,4,1,1.0,1
982,vssasrcnqofa.org,12,1306,6,3,9,3,0,0,0.0,0.25,1,0,0,4,1,1.0,1
983,ltnugyckonrjye.co.uk,14,1544,7,3,11,4,0,0,0.0,0.21428571428571427,0,0,0,2,2,1.0,1
984,mmavbdfbkklk.info,12,1260,5,1,11,1,0,0,0.0,0.08333333333333333,0,0,0,3,2,1.0,1
985,lixcvghjhyhnwmm.com,15,1639,8,1,14,2,0,0,0.0,0.06666666666666667,0,0,0,3,1,1.0,1
986,pehlkepflyqmxb.ru,14,1516,6,2,12,3,0,0,0.0,0.14285714285714285,1,1,0,3,2,1.0,1
987,itvsakmqiljq.org,12,1312,7,3,9,3,0,0,0.0,0.25,2,0,0,2,1,1.0,1
988,vsbtrlodoeflx.net,13,1422,6,3,10,2,0,0,0.0,0.23076923076923078,0,0,0,3,1,1.0,1
989,eafabvfnvhaijm.ru,14,1464,6,5,9,3,0,0,0.0,0.35714285714285715,0,0,0,3,1,1.0,1
990,ahuumigupkik.org,12,1300,6,6,6,5,0,0,0.0,0.5,0,0,0,3,1,1.0,1
991,jgafidsuipsgxv.co.uk,14,1518,7,4,10,3,0,0,0.0,0.2857142857142857,1,0,0,4,1,1.0,1
992,qmkvcqmkemklirn.info,15,1629,7,2,13,2,0,0,0.0,0.13333333333333333,0,0,0,3,2,1.0,1
993,wcmfsopafricim.ru,14,1498,5,4,10,4,0,0,0.0,0.2857142857142857,0,0,0,3,2,1.0,1
994,naypyeynelglmt.org,14,1538,6,3,11,3,0,0,0.0,0.21428571428571427,0,0,0,3,1,1.0,1
995,ctmrefnsddjg.org,12,1275,6,1,11,1,0,0,0.0,0.08333333333333333,0,0,0,3,1,1.0,1
996,phtmcrevpvgwdi.co.uk,14,1530,7,2,12,2,0,0,0.0,0.14285714285714285,0,0,0,3,1,1.0,1
997,gmgvwijusplr.ru,12,1329,6,2,10,2,0,0,0.0,0.16666666666666666,0,0,0,3,1,1.0,1
